{
  "command": [
    "/Users/muellerberndt/.pyenv/versions/3.13.7/bin/python3",
    "/Users/muellerberndt/Projects/oph-meta/reverse-engineering-reality/code/particles/core/oph_lattice_su3_quenched_v5.py",
    "--beta",
    "5.7",
    "--L",
    "2",
    "--T",
    "4",
    "--therm",
    "1",
    "--sweeps",
    "1",
    "--every",
    "1",
    "--seed",
    "0",
    "--kappas",
    "0.12,0.125",
    "--nf",
    "0",
    "--c",
    "0.3",
    "--eps",
    "0.01",
    "--json"
  ],
  "parameters": {
    "L": 2,
    "T": 4,
    "beta": 5.7,
    "c_flow": 0.3,
    "eps_flow": 0.01,
    "every": 1,
    "kappas": [
      0.12,
      0.125
    ],
    "nf": 0,
    "seed": 0,
    "sweeps": 1,
    "therm": 1
  },
  "parse_error": null,
  "reference_script": "/Users/muellerberndt/Projects/oph-meta/reverse-engineering-reality/code/particles/core/oph_lattice_su3_quenched_v5.py",
  "result": {
    "C_p_0": 783213.7742971084,
    "C_p_1": 277762.60767467844,
    "C_p_chiral": 272563.5837907769,
    "C_pi_0": 231841.78998522708,
    "C_pi_1": 23393.26703566528,
    "C_rho_0": 237063.89815263674,
    "C_rho_1": 44248.58462310682,
    "C_rho_chiral": 42265.30416711211,
    "L": 2.0,
    "T": 4.0,
    "aLambda_msbar": 5.04923850239151e-07,
    "alpha_msbar_at_mu": 0.034666078793893294,
    "am_eff_p_0_t": [
      1.653087674645009,
      0.39546331447843336,
      0.11587680127921147
    ],
    "am_eff_p_1_t": [
      0.6683475556052485,
      0.1402489653195654,
      0.08360604830741901
    ],
    "am_eff_pi_0_t": [
      1.001282877853826,
      0.11706244924567749,
      -0.11920075616913559
    ],
    "am_eff_pi_1_t": [
      0.370986180106676,
      0.011811818461320725,
      -0.02900234945249635
    ],
    "am_eff_rho_0_t": [
      1.0234262638293705,
      0.1196992162079313,
      -0.11843379352551413
    ],
    "am_eff_rho_1_t": [
      0.4347231794161111,
      0.02234216571553199,
      -0.027181039557538846
    ],
    "am_p_0": 0.39546331447843336,
    "am_p_1": 0.1402489653195654,
    "am_p_chiral": 0.13762385416262052,
    "am_pi_0": 0.11706244924567749,
    "am_pi_1": 0.011811818461320725,
    "am_rho_0": 0.1196992162079313,
    "am_rho_1": 0.02234216571553199,
    "am_rho_chiral": 0.02134076011158708,
    "beta": 5.7,
    "c_flow": 0.3,
    "corr_p_0_t": [
      -274.1239128361556,
      -52.483171016504535,
      -35.34048715724321,
      -31.473705474197544
    ],
    "corr_p_1_t": [
      -1437.1477226115537,
      -736.6170307508959,
      -640.2246684357326,
      -588.8745135042087
    ],
    "corr_pi_0_t": [
      62.89379224134334,
      23.107669801902446,
      20.55495722262617,
      23.157133958151412
    ],
    "corr_pi_1_t": [
      267.83523410342866,
      184.82063481285877,
      182.65040941302254,
      188.02526539662756
    ],
    "corr_rho_0_t": [
      61.96248766900245,
      22.26693628724698,
      19.754941929049735,
      22.2387770214456
    ],
    "corr_rho_1_t": [
      231.57290832906696,
      149.93045950722106,
      146.61783177056776,
      150.65771220885475
    ],
    "g2_GF": 0.45169077610258,
    "kappa_0": 0.12,
    "kappa_1": 0.125,
    "mu_lat": 1.6666666666666667,
    "n_meas": 1.0,
    "nf": 0.0
  },
  "runner": {
    "created_utc": "20260326T104359Z",
    "cwd": "/Users/muellerberndt/Projects/oph-meta",
    "script": "/Users/muellerberndt/Projects/oph-meta/particles/hadron/run_quenched_reference.py"
  },
  "subprocess": {
    "returncode": 0,
    "stderr": "",
    "stdout": "{\n  \"C_p_0\": 783213.7742971084,\n  \"C_p_1\": 277762.60767467844,\n  \"C_p_chiral\": 272563.5837907769,\n  \"C_pi_0\": 231841.78998522708,\n  \"C_pi_1\": 23393.26703566528,\n  \"C_rho_0\": 237063.89815263674,\n  \"C_rho_1\": 44248.58462310682,\n  \"C_rho_chiral\": 42265.30416711211,\n  \"L\": 2.0,\n  \"T\": 4.0,\n  \"aLambda_msbar\": 5.04923850239151e-07,\n  \"alpha_msbar_at_mu\": 0.034666078793893294,\n  \"am_p_0\": 0.39546331447843336,\n  \"am_p_1\": 0.1402489653195654,\n  \"am_p_chiral\": 0.13762385416262052,\n  \"am_pi_0\": 0.11706244924567749,\n  \"am_pi_1\": 0.011811818461320725,\n  \"am_rho_0\": 0.1196992162079313,\n  \"am_rho_1\": 0.02234216571553199,\n  \"am_rho_chiral\": 0.02134076011158708,\n  \"beta\": 5.7,\n  \"c_flow\": 0.3,\n  \"g2_GF\": 0.45169077610258,\n  \"kappa_0\": 0.12,\n  \"kappa_1\": 0.125,\n  \"mu_lat\": 1.6666666666666667,\n  \"n_meas\": 1.0,\n  \"nf\": 0.0\n}\n"
  }
}
