claim_id,mathematical_falsifier,physical_identification_falsifier,phenomenological_falsifier,scope_if_false
OPH-SM-Q1-LOCAL-G6,"A bounded-support action satisfying every stated covariance and invariant-contraction premise is not exactly G6 invariant The local derivative-sensitive jet action, Grassmann adjoint or same-action current identity fails.",No OPH source packet can instantiate the declared action and normalization,A receipt-complete classical implementation violates the tree-kernel identities,The QFT-Q1 implication falls; the finite Q0 representation witness and other QFT criteria remain separate.
OPH-SM-Q2E-CHIRAL-MEASURE-CRITERION,The stated equivariant determinant-line section exists without the measure or the measure exists without the section,No full-G6 finite chiral measure can instantiate the criterion,A claimed finite measure violates gauge invariance or loop integrability,The QFT-Q2-E equivalence falls; QFT-Q2-H and perturbative QFT-Q3 remain separate.
OPH-SM-Q2H-POSITIVE-HAMILTONIAN-SOUNDNESS,Every noncollapse and variance premise holds but no positive-energy nonvacuum physical excitation exists,No OPH constrained Hamiltonian can instantiate all receipts,A receipt-complete finite Hamiltonian collapses to vacuum or identity projection,The QFT-Q2-H soundness route falls; QFT-Q2-E and QFT-Q3 remain separate.
OPH-SM-Q3-BV-RESTORATION,All stability cohomology and anomaly-clearance premises hold but a local ST breaking is not removable,No OPH regulator and matching packet realizes the complete premise set,Independent Ward/ST/Nielsen engines reject a claimed restoration transcript,The formal QFT-Q3 restoration theorem falls; no conclusion follows for QFT-Q2 or QFT-Q4.
OPH-SM-Q4-OS-OBSERVABLE-SECTOR,A complete reflection-positive regular noncollapsing tower fails OS reconstruction,No full-G6 OPH tower can realize the stated observable packet,A receipt-complete reconstructed sector violates positivity or covariance,The QFT-Q4 OS implication falls; the bosonic compact-gauge theorem and QFT-Q3 remain separately scoped.
OPH-SM-Q4-RESONANCE-CONTINUATION,The declared holomorphic amplitude has a simple denominator zero and nonzero numerator but no stable Laurent pole,No physical-current amplitude and analytic sheet instantiate the packet,A promoted resonance has zero current coupling or changes under allowed continuation controls,The QFT-Q4 resonance implication falls; OS reconstruction and the strict QFT-Q3 coefficient algebra remain separate.
OPH-CONS-D1,"A terminating finite repair system satisfying local diamond, boundary protection, and quotient hypotheses has inequivalent terminal quotient normal forms from one source",No refinement-stable visible quotient exists under the stated premises,A receipt-complete implementation violates quotient-normal-form invariance,"The consensus implementation theorem falls; Lorentz, gauge, and quantitative branches that import only weaker finite-cutoff ingredients must be audited separately."
OPH-OBS-PATCH-DEF,"A seven-clause witness is vacuous, its local records do not differ before restriction, the common restriction is zero or inaccessible to one owner, the mutation passes, or the E6 two-owner theorem fails","A claimed observer lacks a declared operational clause, or fixed-regulator overlap evidence is promoted to source realization, refinement naturality, or higher coherence",A receipt-complete bounded observer implementation violates its seven-clause operational contract,The observer identification or quotient-equivalence claim falls on the affected branch; finite carrier geometry by itself is a separate object.
OPH-CARRIER-PRESENTATION-INVARIANCE,A full observer-signature isomorphism fails to preserve a protected OPH output,No physical realization can separate presentation changes from changes of visible carrier architecture,"Two implementations with identical full signatures diverge, or two different signatures are treated as physically identical without a map",The affected invariance or architecture-sensitivity claim falls. Branch-local theorems stated directly on either carrier retain their own statuses.
OPH-CONS-CROSS-SOURCE-ENDPOINT,The protected-observation criterion identifies two sources whose consistent quotient normal forms remain distinct,The cross-source criterion cannot be instantiated on declared interfaces,A receipt-complete cross-source comparison violates the criterion,The cross-source theorem falls; same-source confluence and the finite consensus theorem are separate.
OPH-GR-PORT-RESPONSE-COMPLETION,"The exact source-load quotient, D6 seam-current image, response decomposition, strict band order, normalized Gram limit, rank-three radical quotient, integer injection, density, proper-action isometry, or completion theorem fails under the declared inputs; the native_decide table subreceipts are presented as kernel-only; or the physical position conclusion is asserted without the source record and distinguishability premises.","The cumulative signed load and response Gram cannot be instantiated as one source-bound operational position readout, or local completions cannot carry the required isometric action and gluing","A promoted physical-space implementation violates the labeled Gram, response limit, position topology, or source identity while preserving all declared inputs",The repair-derived local carrier claim falls. The separately conditional spherical-support Lorentz branch and finite consensus theorems remain subject to their own premises.
OPH-GR-D2-COLLAR-RECOVERY,A faithful finite-range family satisfying the uniform conditional/matrix-mixing and boundary-growth premises violates the published recovery bound or scaling limit,The stated support-visible recovery family cannot be physically instantiated,A receipt-complete family violates the bound under its declared controls,"The conditional nonexact collar-recovery and collar-remainder route reopens; exact central-interface Markovity survives if its separate clause holds, and no scalar CMI result by itself supplies a stress tensor or dark-sector source."
OPH-GR-D3H-GEOMETRY-PRODUCER,"A complete receipt packet fails to produce a FiniteCapBWCertificate clause, or BW is derived without independent complete MGNS-1 on the same tower",No physical source can produce the support-flow certificate and MGNS-1 state on one refinement tower; scientific lane #729 owns the physical same-tower premise and #730 owns structural net inheritance,A promoted BW/Lorentz result lacks an independently traceable same-tower MGNS-1 receipt,The producer branch reopens and the certificate reverts to a declared hypothesis; the conditional BW/Lorentz theorems and unrelated branches survive on their declared forms.
OPH-GR-D3-CAP-H3,A same-tower FiniteCapBWCertificate plus complete MGNS-1 packet violates the stated cap-normal/Lorentz/H3 implication,No physical tower can instantiate both typed inputs with common provenance,A promoted H3 result uses only geometry or only MGNS-1 rather than both,"The OPH Lorentz/H3 chart claim falls or must be weakened; finite consensus, compact-gauge reconstruction, and unrelated fixed-cutoff results do not automatically fall."
OPH-GR-E2E-BRANCH-ENTRY,"Every stated component implication and common-domain premise holds, but the typed Einstein composition fails",No source-derived tower jointly supplies the geometric modular event stress entropy scale and common-tail inputs with universal coupling and a vacuum reference,A source-complete tower satisfying the whole antecedent violates the composed Einstein equation beyond its certified remainder,The composed theorem reopens at the failing arrow; individual packets keep their own statuses.
OPH-GR-D5,"The null bridge, stationarity, tensor upgrade, conservation, and physical-identification hypotheses hold but the Einstein equation modulo one metric term fails",The support-visible semiclassical branch cannot instantiate the stated stress/geometry relation,A same-object gravity comparison contradicts the declared branch,The OPH gravity branch falls; fixed-cutoff consensus and purely gauge-sector results do not automatically fall.
OPH-SCREEN-ECHOSAHEDRAL-SELECTOR,"Under the declared source packet, signed atomic events fail to produce the recorded integer loads, an admissible repair fails strict load-square descent, minimum move count changes under a declared rotation or refinement, the quadratic readback cost has another minimum or next floor, a port lacks a unique distance-three inverse, the positive incidence automorphism group is not A5, the exact Gram matrix is not positive rank three with G squared equal to 4G, or a valid relabeling/refinement fails naturality.","No quotient-visible carrier can instantiate the equal-trace atoms, oriented incidence, integer readback, and refinement lineage together",A receipt-complete implementation violates a derived selector invariant while preserving every source field,"The echosahedral source-selector theorem and its use in the finite A5 branch fall. Generic observer-patch, consensus, relativity, and independently assumed icosahedral calculations are assessed separately."
OPH-SCREEN-GALOIS-FRAME-BOUNDARY,"On the frozen pair with its stated conventions, a Gram identity, marked trace, Laplacian mode, chord ranking, radial degree or diagnostic equivalence fails; the conjugated source law fails an audited response-completeness or proper-holonomy clause; or a source-bound theorem in the pinned audit corpus supplies the stated support attachment.",No physical identification is asserted; the source-bound support attachment is absent,No phenomenological prediction is asserted,"The affected frozen-pair diagnostic, bounded source nonselection result or support-attachment audit falls. The unit split, inverse pairing, six axes and proper A5 action in OPH-SCREEN-ECHOSAHEDRAL-SELECTOR remain independently assessed; no universal embedding classification or physical selection is asserted."
OPH-SCREEN-CARRIER-SUPPORT-BRIDGE,"Local twelve-port incidence alone determines a unique federation nerve, global S2 support, and BW normalization, contradicting the stated nonuniqueness boundary",No source-bound refinement-natural carrier-to-support map can preserve the required incidence and response data,"A promoted S2, Lorentz, or H3 result uses carrier geometry without a certified support bridge",The finite federation/support bridge falls. The local A5 selector and independently assumed support-visible S2 branch are separately assessable.
OPH-GAUGE-D7-D9,"The declared sector, transport, zero-obstruction, compactness, and finite-realization receipts hold but conditional compact-group reconstruction fails",No complete source character category and refinement tower instantiate the D7 antecedent,A promoted physical compact group lacks the complete source-category and laboratory attachments,"The failing Tannaka, realized-package, or completion layer falls. The independent finite A5 current route, Lorentz branch, and consensus branch are separately assessable."
OPH-GAUGE-D7-D9,"The exact diagonal Z6 kernel, maximal faithful image, hypercharge table, or anomaly arithmetic fails on the declared matter package",The declared matter action and its common kernel are not source-selected as the physical matter representation and quotient,A promoted physical matter or quotient claim treats the declared table as a source-selected realization,"The failing Tannaka, realized-package, or completion layer falls. The independent finite A5 current route, Lorentz branch, and consensus branch are separately assessable."
OPH-GAUGE-D7-D9,"A declared Maxwell, perturbative pure Yang--Mills, or pure Einstein--Hilbert quadratic action satisfies its vacuum and gauge hypotheses but lacks the published transverse mode count",The declared classical action cannot instantiate its carrier branch,A same-action classical measurement contradicts the mode count,"The failing Tannaka, realized-package, or completion layer falls. The independent finite A5 current route, Lorentz branch, and consensus branch are separately assessable."
OPH-SCREEN-A5-SM-RECOGNITION,"The A5 module, compact-Lie trichotomy, inner-action or noncentrality selection, trace-balanced cover, exterior witness, exact band order, rank-three selection, conditional rank-45 tensor arithmetic, anomaly cancellation, chirality grading, diagonal Z6 action, declared local tensor-extension identity, or conditional inherited gap fails under its stated premises","The current matrices and bracket cannot be reconstructed from the source response; the declared matter action or global quotient is not source-selected; or no observer-readable matter-pole, family, cross-domain Spin transport, continuum, and laboratory attachment instantiates the conditional finite packets","A promoted physical gauge or matter result lacks its current, source-selection, global-form, cross-domain transport, matter-pole, continuum, seam, persistence, laboratory, or refinement receipt","The affected A1/A2 Lie-type theorem or the named conditional source, matter, global-form, and family layer falls. The independent D7-D9 categorical route and unrelated consensus or gravity branches are separately assessable."
OPH-GAUGE-D7-D9,The charge lattice calculated from the declared matter table is algebraically inconsistent,The declared charge table is not source-selected as the complete physical elementary-state table,A promoted charge-quantization claim treats the declared table as a source-complete physical spectrum,"The failing Tannaka, realized-package, or completion layer falls. The independent finite A5 current route, Lorentz branch, and consensus branch are separately assessable."
OPH-GAUGE-D7-D9,The color-count calculation inside the declared completion is inconsistent,The declared color representation is not source-selected as the physical light-matter representation,A promoted color-count claim treats the declared completion as a source-complete physical census,"The failing Tannaka, realized-package, or completion layer falls. The independent finite A5 current route, Lorentz branch, and consensus branch are separately assessable."
OPH-GAUGE-D7-D9,A promoted family-completeness theorem is inconsistent,A source-complete family grammar with the same physical attachment realizes a multiplicity different from the promoted value,"The family census shares the declared physical attachment, locality, residue, and refinement branch","The failing Tannaka, realized-package, or completion layer falls. The independent finite A5 current route, Lorentz branch, and consensus branch are separately assessable."
OPH-GAUGE-D7-D9,A promoted scalar-completeness theorem is inconsistent,The source-complete low-energy response grammar requires an additional elementary scalar multiplet,The multiplet is confirmed as elementary and branch-compatible,"The failing Tannaka, realized-package, or completion layer falls. The independent finite A5 current route, Lorentz branch, and consensus branch are separately assessable."
OPH-GAUGE-D7-D9,"The axis-centre congruence, conditional line calculation, or common-kernel arithmetic fails inside the declared coefficient and matter systems","No source-selected diagonal and zero-sum relation system, complete character category, or same-source loop-to-kernel theorem identifies the computed order-six class with a physical global quotient","A promoted physical quotient disagrees with a same-source current, matter, loop, and laboratory receipt after every open attachment is supplied","The failing Tannaka, realized-package, or completion layer falls. The independent finite A5 current route, Lorentz branch, and consensus branch are separately assessable."
OPH-GR-D6-CAPACITY,"A finite public packet satisfying the stated premises violates M_0=alpha(G_q), the carrier bound, saturation rigidity, TV robustness, greatest-fixed-point order theorem, or no-new-confusability refinement theorem",No source-only trial-universe family can emit a complete global-checkpoint packet and exact unique slack-zero receipt,A receipt-complete direct branch has an ambiguous terminal capacity set or a second regulator-stable zero of s(D),"The corresponding finite direct-capacity implication reopens. Independent consensus, gravity, exterior matter, and geometric-estimator statements survive unless they import that step."
OPH-GR-D6-READBACK-NOGO,"The parity/independent coupling, cyclic permutation, identity/erasure, deflationary iteration, threshold-family, or target-injection control fails","A claimed capacity implementation uses only local marginals, counts checkpoint-fixed projectors, assumes two-sided attraction, or derives its producer from rho or the EW bridge",A promoted capacity result depends on one of the rejected shortcuts,Only the affected no-go control falls; a physical direct capacity map requires the complete capacity-indexed A1-A3 public-checkpoint and code receipt.
OPH-GR-D6-HORIZON-RECORD,Robust direct record closure plus the declared saturation and de Sitter premises fails to imply Lambda ell_star squared equals 3 pi over N,The correctable record capacity and gravitational area law cannot be identified on one refinement family,A receipt-complete common observable contradicts the displayed cosmological relation,The D6 cosmological identification falls; the direct finite public-record map and local Einstein branch remain separate.
OPH-GAUGE-EXTERIOR-SM-WITNESS,"Any exterior branching, hypercharge, Yukawa singlet, anomaly, or weak-multiplicity calculation is inconsistent",The declared C plus W carrier or selected exterior package cannot be realized on the physical screen,A same-branch field census contradicts the certified representation content,The exterior representation route falls. The abstract A5 coefficient bracket and unrelated consensus or gravity branches survive.
OPH-SCREEN-24-CLOCK-DETERMINANT,"Hamiltonian rescaling preserves the 24-register while the claimed gap remains fixed by register structure, or the determinant implication fails",No source-derived operational 24-clock or natural determinant-line attachment exists,A receipt-complete attachment gives a charged determinant scale inconsistent with its calibrated clock normalization,The register-rate no-go or conditional charged determinant attachment reopens. The exterior Standard Model representation witness and charged-lepton shape relations remain separate.
OPH-SCREEN-MODULAR-GEARING,"A zero-affinity graph fails to admit the stated potential, a vanishing channel-closure residual fails to define the compression, or an exact A5/reversal-covariant realization violates the paired 1,3,3,5 spectrum","No source-derived reversible rate ledger or full-rank channel realization survives quotient, provenance, and refinement checks",A promoted cap or clock claim uses the finite gearing result without gear-to-cap state comparison or operational calibration,"The finite modular-gearing carrier theorem falls. The independent finite modular-flow core, BW certificate theorem, screen-register combinatorics, and gauge-current classification require separate audits."
OPH-WZ-STRICT-1L-POLE-MAP,"Under the stated complete strict-one-loop input contract, the charged or neutral coefficient differs from the displayed root expansion, neutral one-loop-squared mixing contributes at order one, the lower-sheet mass/width formulas fail, or the independent checker accepts a subject-unbound or self-promoted receipt.",No complete renormalized OPH/FJ input packet or independently certified gauge/BRST engine can instantiate the kernel,A future receipt-complete same-subject calculation contradicts the strict coefficient map or passes only through self-attested gates,"The strict-one-loop pole-map kernel or its receipt implementation falls. The finite A5 recognition result, the open OPH-native source problem, and unrelated consensus or gravity branches are assessed independently."
OPH-UNIFIED-TYPED-SPINE,"A displayed implication uses an object absent from its typed premises, identifies carrier/federation/support screens, equates phase lock with confluence, or merges the two gauge routes without verified maps",No common source-bound refinement tower can carry both the gravity and physical-current branches with all bridge receipts,A promoted unified prediction cannot trace its inputs through one common source manifest,The unified composition fails at that interface. Branch-local finite theorems retain their own statuses.
OPH-SM-ROUTE-IDENTIFICATION,"The executable A1/A2 source current is absent, or a proposed group isomorphism fails to intertwine actions, quotient kernels, current normalization, matter sectors, or refinement maps",The source-realized A1/A2 current and D7-D9 sector group cannot be realized on one source-bound tower,A claimed shared physical gauge current lacks the source-current receipt or differs between the two route readouts under a same-source test,No unified physical identity follows. The abstract A1/A2 Lie-type theorem and the conditional D7-D9 reconstruction keep their separate branch-local statuses.
OPH-GR-D6-A5-FINITE-CONTROL,"The bounded A5 packet has a nonempty compound graph, M0 differs from 60, or the raw defect differs from 60(k-1)",The publicly inert multiplicity becomes a physical observable or the raw carrier gains an implementation-invariant physical meaning,The raw k=1 equality predicts a horizon capacity without a physical source family and selector,The finite A5 control reopens. The D=24 fixed-cutoff packet and the general conditional capacity theorems are separate.
OPH-SYN-FORMAL-BASIS,A top-level OPH theorem requires hidden carrier coordinates that are not expressible through the declared observer-facing quotient,A purported observer realization changes a protected output while preserving the complete declared observer-facing signature,A promoted prediction depends on unregistered hidden carrier coordinates,The synthesis ontology falls; branch-local theorem statements must be restated in the hidden-coordinate theory that replaces the formal basis.
OPH-CONS-BFT-PREPARED-LOCK,"Two conflicting valid decision certificates exist under the complete provisional prepared-acceptance, commit-lock, and highest-justified-new-view contract, a valid decision certificate has fewer than q-f actual nonfaulty commit locks, a q-message view change omits all such locks, local predecision locks cannot reconcile under a valid highest-certificate new view, or one finite negative trace is accepted after its corresponding premise is removed.","No source-bound observer protocol instantiates the authenticated certificate, lock, monotone-view, and progress contract",A deployed instance satisfying the complete contract decides conflicting values or exceeds the proved post-GST bound,The assumption-dependent BFT extension falls; the core finite OPH repair-confluence theorem is independent.
OPH-CONS-REFINEMENT-MODULI,"A declared Lipschitz refinement tower violates the telescope, or one of the family-uniform or cofinal conclusions survives the finite description of its parametric counterfamily after the corresponding modulus, tail, completeness, compatibility, or vanishing-error premise is removed","No source-derived refinement family supplies the declared uniform moduli, compatible inputs, complete spaces, and vanishing tail/error receipts",A promoted continuum or settled-output claim lacks the required uniform receipt or fails under further refinement,The quantitative refinement-limit conclusions fall; fixed-cutoff finite normal-form uniqueness remains separate.
OPH-CONS-PROTECTED-BEHAVIOR-PROFILE,"A declared finite fixture violates layer nesting or the obstruction partition, a protected behavior differs from its structurally recovered behavior cut, an exact morphism changes any layer or endpoint-quotient support, or a premise-removal mutation leaves the affected conclusion valid","No source-selected scheduler, active-source family, target, or silent equivalence instantiates the declared profile; this blocks application but does not refute the conditional theorem","A promoted mechanism comparison treats the product preorder as a scalar rank, drops a scheduler or morphism premise, or claims rates, mixing, arbitrary implementation invariance, or product refinement","The protected-behavior profile, recovery, or transport conclusion falls at the affected interface; the pre-existing static-fiber, repair, and mechanism-variant declarations retain their separately proved scopes."
OPH-GR-D3-H3-LOCALIZATION,"A localization receipt uses a noncompact domain without truncation, lacks alpha>0, promotes qualitative separation to a noisy inverse bound, ignores calibration/model error, or reports a unique finite point when Delta_loc <= 0","No record-conditioned source population supplies the compact domain, positive conditioning margin, and calibrated response receipts",A promoted finite localization ball excludes the realized point under its certified noise and model-error budget,"Record-populated observer-facing H3 localization is weakened or reopened; the cap-normal chart theorem, gauge reconstruction, and Einstein branch do not automatically fall."
OPH-GR-D4-NULLNET-STANDARDNESS,"A Borchers-Wiesbrock invocation is found whose standardness input is neither proved nor carried as a receipt, the Markov modular-locality theorem fails on the central-interface branch, or the assembly relations fail on a tower carrying the second-quantized scaling-limit modular-intersection receipts","No common source tower carries uniform half-line cyclicity, weak additivity, relative-commutant standardness, central-interface Markov control, and second-quantized modular-intersection receipts required by the null bridge",A promoted null-net implementation violates the stated inclusion or translation relations on a receipt-complete region,The null bridge loses its standardness conclusion; the Einstein branch inherits that boundary.
OPH-GR-D4B-SOURCE-CAUSAL-CONTINUUM,"Canonical sourceHeight fails to equal the attained maximum authenticated-parent-chain length; the universal finite-order compiler fails exact ParentEdge/order representation or is mislabeled as a Hasse compiler; the ambient source carrier fails real dimension four or displayed inertia one-plus-three; a source-unit direction is not future-null; the enumerated auxiliary placement fails injectivity or forward causality; the equal-height-separation and increasing-height-incomparable-spacelikeness hypotheses fail to derive converse support, injectivity, exact order embedding, or interval preservation; or the Boolean diamond loses a stated branch, null-edge, or spacelike property; the separate growing-menu rounded path exits its move ball, an allowed path violates the outer cone, the required R-to-infinity/Rh-to-zero limit fails, the boundary-null Riemann count estimate fails, or replay accepts a missing or forged parent; source-metric population coverage, kernel normalization, mass-weighted energy or smooth interior detector convergence fails The covering-to-path implication fails; the golden permutation, conservative-current readback, equal-cell assignment or boundary-null pair-count limit fails; actual source positions are replaced by auxiliary uniform-cell coordinates; replay accepts a forged neighbor, writer, intervention, clock or interval count; or finite fixtures, primitive word availability or the declared model count law are promoted to native physical selection; the finite-rotation/boost invariant-cone proof, same-family fourth-root clock limit, finite error enclosure or ancestry decoder fails its stated hypotheses The linear mean-repair protection characterization, exact q13 population census or actual-integral quadrature estimate fails.","On the exact-embedding physical route, the ordinal sourceHeight is called a physical clock, the target-carrier dimension is misreported as intrinsic finite-poset dimension, relation representability is called OPH selection, or the informational order or finite carrier is called physical spacetime without physical event/link identification, a source-selected order embedding, Poisson/count-volume uniformity, isotropic link directions, independent dimension and manifoldlikeness tests, stable topology, Lorentzian-limit uniqueness, and tensor-curvature identification. The separately supplied growing-menu cone control selects no OPH law, physical frame, laboratory clock or calibrated density. The radial-kernel continuum additionally supplies coarsening, Voronoi masses, interaction law, inertia and quantization; those inputs cannot be called native source selection or measured geometry. The golden-orbit source-record construction has a declared population, update and clock; its model density and limiting interval statistic cannot be called a native physical count calibration or an independent measured dimension.","A purported certificate-complete refinement converges to the wrong dimension, signature, topology, causal order, volume law, or Einstein tensor, or produces presentation-dependent physical observables","Only the failing finite carrier, placement, or continuum clause is withdrawn; the authenticated source order, rank-three quotient, and independent Lorentz-frame kinematics retain their separate scopes."
OPH-GR-D4C-LOCAL-STRESS,"A finite directional family satisfying the dependent-family linearity relations fails tensor reconstruction or the stated stability bound, or a family violating a relation reconstructs with zero residual","No source-derived charge family supplies same-source null-stress matching, locality, covariance, common normalization, and the weak Ward balance on one event region",A promoted stress readout lacks one of those separate supplies or violates its supplied Ward balance or same-source null projections,"The stress arrow reopens; the null bridge, finite source carrier, and conditional source-causal continuum survive on their own receipts."
OPH-GR-D4D-ENTROPY-BRIDGE,"An explicit direct-sum block state violates S = S_bulk + S_edge, Z carries a sector-probability term, delta S_bulk differs from 2pi delta<B> on the declared central-interface class, or the multiplier identity fails along a MaxEnt family","No common source family realizes the declared central-interface decomposition, modular charge, and MaxEnt constraints",A receipt-complete entropy response violates the split first law or coupled multiplier identity,The entropy bridge and its generalized-entropy interface support fail.
OPH-GR-D5A-ABSOLUTE-EINSTEIN,"A receipt family fails the full boundary-aware collar rate or downstream o(ell^4) remainder bound, coverage fails on a populated region, or an absolute equation is asserted without VR","No populated source family supplies uniform coverage, remainder control, conservation, and an irreducible vacuum-reference receipt",A receipt-complete local region violates the absolute Einstein equation beyond its certified remainder,The absolute form degrades to per-component constancy; the first-variation identity survives.
OPH-COSMO-SCREEN-SPECTRUM,"A source DAG satisfying every premise fails the gamma-ratio covariance or thin-shell amplitude relation, the reserve generator does not give P over 48 on the source-facing half, the physical dilation or tomography receipt fails, or the promoted source has a measurement-aware ancestor","No target-free source screen supplies the amplitude, dilation, radial-tomography, and ancestry receipts on one branch",A preregistered receipt-complete spectrum disagrees with the resulting sky likelihood beyond its declared error budget,"The conditional inflation-free screen-spectrum branch falls; the recovered consensus, Einstein, and Standard Model branches are independent."
OPH-SCREEN-PORT-CURRENT-INNER,"The abstract Lie type, fourteen-dimensional bracket space, rank-38 Jacobi system, compact-locus classification, exact face identity B_face=60 R13, 240-coordinate Jacobi census, unique nearest-G family comparison under any stated L1, L2, or Linfinity coordinate norm, or any invariant-metric phase fact (commutant dimension four, channel diagonality, closed-form distances, P exclusion, balanced-slice and box G selection, (8,1,1) F witness, Galois-swap duality, non-induced control reversal) fails","The released source packet cannot derive the equal-weight rule, the nearest-point repair rule, the carrier-induced metric-class restriction, the twelve generators and their bracket, or same-current overlap holonomy and source-bound refinement","A promoted laboratory current algebra fails a same-source response, covariance, refinement, attachment, or target-blind bracket-selection test",Failure of the abstract theorem reopens the Standard Model Lie-type result. Failure of the matrix fixture affects only that witness. Failure of the equal-face or three-norm packet affects only the conditional finite discriminator on the classified compact locus. Failure of source reconstruction leaves the mathematics intact and keeps physical current attachment open.
OPH-SM-SIMPLE-GUT-XY-CHANNEL-ABSENCE,"The premise a1_a2_forced_standard_model_lie_type fails at one of its adapter inputs in Lean/Screen/A2HolonomyBridge.lean: the twelve-dimensional compact port response algebra, the centre bound dz <= 1 (hcentreBound), the centreless four-factor exclusion (hcentreless), the compact-simple dimension list SimpleDims, or the reductive split; the product type is then unforced and the corollary loses its premise. Given the product type, the direct-sum adjoint (8,1,0)+(1,3,0)+(1,1,0) with no mixed (3,2,-5/6) generator is a representation-theoretic identity and carries no independent falsifier.",No physical establishment is asserted by this algebraic corollary; source realization of the product current remains a separate current-chain boundary,"A promoted claim treats the X/Y-channel exclusion as general proton stability, a lifetime bound, or exclusion of scalar, higher-dimensional, or other ultraviolet baryon violation",Only the product-adjoint X/Y-channel exclusion and the current classification supporting it are reopened. No general proton-stability or lifetime claim is made.
OPH-SCREEN-SUPER-TANNAKIAN-MATTER-LIFT,"Under the declared current, exterior, scalar, and pinned spin fixtures, a proper implementer fails to lift inside Q(sqrt5), the lift order or centre is wrong, the measured artifact and recomputed lift disagree, the exhaustive anomaly scan has the wrong survivor set, the matter transport, projector, charge spectrum, anomaly traces, Yukawa lines, refinement maps, action kernel, or residual order-six quotient fails, or a negative-control packet passes","The upstream matrix current, physical matter action, one conjugate representative, scalar existence, extra-light-sector completeness, continuum Spin attachment, and laboratory matter identification are not source-selected",A promoted matter realization or global form treats a conditional fixture output as a source-selected physical action or quotient,The conditional finite matter fixture or one of its derived properties fails. The abstract Standard Model Lie-type theorem and echosahedral selector are assessed separately.
OPH-QUARK-REGISTER-CLEBSCH,"Under the declared alphabet and F1/F2 rules, the exhaustive scan has another unordered survivor, the six assignments fail to exhaust the ratio menu {1/9, 1/3, 3, 9}, or a declared common-transport ratio identity fails","A claimed physical promotion lacks a source-derived relation between the independent down-type and charged-lepton Yukawa coefficient lines, a source-derived generation order, a physical MCPR attachment, or a physical scale. Direct Cabibbo identification with an acute angle between two canonical real three-dimensional icosahedral residual axes is excluded by OPH-A5-REAL-AXIS-CABIBBO-NOGO and cannot supply the missing attachment.",The canonical FLAG fixture fails to reproduce retrospective conservative experimental-only rejection of every declared assignment,"Only the affected conditional register-Clebsch layer or the permutation-complete declared common-transport family rejection is revised. The upstream gauge/matter reconstruction, its conditional channel counts, and the conditional MCPR charged-lepton algebra remain separately assessable."
OPH-KOIDE-CIRCULANT-IDENTITY,"Inside the declared positive chamber, the Hermitian C3 circulant eigenvalues fail to give Q=1/3+(2/3)(|b|/a)^2 or Q=2/3 iff |b|/a=1/sqrt(2), or the finite-GNS balance receipt fails under its stated premises","No faithful trace-preserving recoverable attachment identifies the finite source process with a physical chiral regular-C3 square-root-mass carrier while preserving the singlet/charged records, positivity, and refinement","A physical Koide, phase, or individual-ratio prediction is promoted from the historically target-informed MCPR diagnostic without a target-free attachment and running-to-pole uncertainty packet","Failure of the exact identity retracts the C3-circulant Koide theorem. Failure of the finite-GNS balance retracts only that conditional normalization route. Neither outcome changes the independent pairing and F1/F2 enumeration, gauge/matter reconstruction, or the rejected register-Clebsch quark route."
OPH-A5-REAL-AXIS-CABIBBO-NOGO,"The exact axis construction does not yield 6+10+15 antipode-identified real three-dimensional axes, misses a pair or multiplicity, assigns a wrong cosine-squared value, or fails the arctan(1/phi) self-test",A claimed direct residual-axis construction does not identify both physical residual directions with members of the canonical 31-axis real three-dimensional menu or adds representation and breaking data outside the tested hypothesis,The complete menu contains an acute angle compatible with the declared compare-only Cabibbo coordinate after the comparison input and its uncertainty are fixed independently,"Only the direct identification of Cabibbo with an acute angle between the canonical 31 real three-dimensional icosahedral residual axes is reopened. No conclusion follows for all A5 flavor models, spinorial representations, higher-order breaking, or general overlap geometry."
OPH-W5-STABILISER-POTENTIAL-BOUNDARY,"For W5=Sym^2_0(R^3), a fixed-locus or cubic identity fails, a three-value quartic stationary point or boundary face supplies an unaccounted global minimum, the strict/closed minimizer classification fails, or the boundary spectrum/ratio formula is wrong","A physical flavor construction promotes a cubic or quartic eigenvalue pattern to masses without the W5-to-family attachment, source amplitude, entropy-remainder control, or full-entropy selector; or it falsely promotes the strict-support result to a packet-wide exclusion despite the support-two boundary branch",A promoted W5 mass-ratio prediction changes with an undeclared amplitude or regularization or depends on an undeclared potential choice,"A failed stabilizer, cubic, or quartic identity reopens only that bounded selector result. Even if all stated identities hold, they do not select the amplitude, control the entropy remainder at zero weights, prove the full-entropy selector, attach W5 eigenvalues to charged masses, or rule out other source-derived potentials, regularizations, dynamics, or flavor representations."
OPH-Q-PN-CLOSURE,"A completed P or direct public-record map is target-leaking or branch-switched after result exposure, a claimed scalar N map lacks complete whole-fiber agreement, a claimed greatest fixed point is not maximal, or singleton uniqueness is asserted while a second fixed point remains",No target-free local pixel or global record source family emits the required complete maps and selector receipts,A promoted quantitative coordinate changes under a preregistered same-source repetition or depends on the comparison target,The quantitative prediction lane falls; structural recovered-core claims survive only if they do not import the failed quantitative coordinate.
OPH-Q-N-RESERVE-CANDIDATES,"The declared total P/4 reserve expectation or six-class equidistribution fails, the finite or exponential arithmetic fails, either exact global completion violates its stated composition or regrouping law, the completions do not disagree, or equality is asserted before the two readings are typed as one invariant","The declared finite datum selects no global action or blocked-event semantics; a positive branch requires a stronger target-independent source law, the physical seam and common-load attachments, and a separate mean-count carrier for the exponential expression",The Planck base-LambdaCDM comparison is target-exposed and retrospective; any prospective or cosmic-capacity claim made before a new source law and horizon attachment is invalid,"The reserve-corrected N candidates fall. The closure principle, the bounded direct-N counterfamily result, the unfinished complete-source bridge, the finite collar theorem, and structural OPH claims remain separate unless they import the failed identification."
OPH-HIER-EW,"The weak-doublet multiplicity certificate fails, a branch satisfying direct record closure and every common-load premise violates the displayed bridge, the load carrier imports the electroweak or cosmic target, a declared-map square fails to commute, or the same-antecedent countermodels fail to attain distinct defects, or the implicit scale contraction, analytic derivative or directed endpoint certificate fails",No one source-normalized order-unit carrier realizes both the direct record-capacity and electroweak load lines without target ancestry; the corpus emits no source-derived six-map RG/Higgs square,A promoted hierarchy comparison fails under a same-source load measurement or changes after target blinding; a future source-derived comparison square yields a nonzero independently evaluated residual,The electroweak hierarchy comparison falls; the exterior field branching and cosmological capacity branch are separate unless they import the failed step.
OPH-ALPHA-PIXEL,"The selected source map imports the Thomson target, its fixed point is nonunique, the two sides cannot be constructed as one typed quantity, or the endpoint gap cannot be transported in the stated scheme","No target-free physical pixel readback selects one certified map, identifies the two sides as one quantity, and instantiates same-scheme endpoint transport",A preregistered same-scheme alpha comparison excludes the emitted interval,The fine-structure endpoint claim is downgraded; the structural OPH core and separate hierarchy branch are not automatically affected.
OPH-DM-CONT,"A singularity-aware tail-controlled independent replay can retire a specified fixed-input field law if its matching observable is excluded; the current local QUMOND replay is uncertified. The matched SPARC interval contains zero after several simultaneous design changes and the penalized-objective contours are uncalibrated, so neither is a physical exclusion. After the source law, constants, relativistic completion, covariance, scatter, nuisance treatment, and prospective comparison rule are fixed, exclusion by the joint galaxy, cluster, CMB, BAO, lensing, and growth likelihood retires the corresponding continuation",No source-derived covariant dark stress law and constants survive the required provenance and conservation checks,"Once prospectively frozen and calibrated, the declared joint galaxy, cluster, CMB, BAO, lensing, and growth likelihood excludes the continuation","The dark-sector continuation falls; the recovered relativity and Standard Model core survive, and the generic-dark-sector theorems survive as statements about whichever non-luminous charge exists."
OPH-YM-GAP,"The support-visible compact-gauge continuum construction fails, reflection positivity fails, or the uniform repair gap is absent; the legacy commuting Lean theorem is reported as deriving its directly assumed positive rates from the separate Lemma 7.2 uniform-fiber result, or its stripped fixed-space witness is promoted to compact-gauge, continuum, or physical mass-gap strength; or the L=2,3 Z2 diagnostic's analytic control, matrices, tested-grid residuals, variable-rate identity, or independent replay fails","No source-derived compact-gauge refinement family supplies the continuum, positivity, and uniform-gap receipts; no Lean theorem bridges the Lemma 7.2 matrix scalar to the collar-rate arguments of the commuting theorem; the quotient-space approximate-tensorization and anisotropic Wilson-to-Hamiltonian routes remain unproved",A receipt-complete continuum implementation has no positive mass gap under the declared limit,"The Clay-facing Yang-Mills claim falls if the conditional continuum chain fails; compact gauge reconstruction may survive without the mass-gap theorem. A failed finite diagnostic retracts only that finite computation. Its tested Wilson residuals do not exclude anisotropic limits, alternative transfer objects, fiber-dependent positive rates, or another compact-gauge tower."
OPH-STRING-SELECTOR,"Failure of the critical edge, OPH comparison registry, safety layer, stable completion, thresholds, decoupling, augmented isolation, or branch coverage retracts the BD witness; its five-row proxy has rank zero on the published pre-completion slice, while the completed constraints, stable point, physical forward map, augmented Jacobian, and interval box are absent","No source-bound compactification candidate supplies the complete stable-point, threshold, decoupling, forward-map, and interval receipts",A receipt-complete selected candidate fails its frozen low-energy comparison or stability band,"Failure retracts OPH-correct selected-candidate status for the named BD row; the structural BD audit, OPH recovered core, and other string candidates are separate."
OPH-IBM-GENERATIVE-REPAIR,A replay failure or a valid repeat that favors a frozen null falsifies the archived implementation claim only,"No IBM circuit execution instantiates the declared self-reading state, record, feedback, repair, and signed replay bundle",An authenticated repeat favors the frozen null or the archived replay cannot be reproduced,"Only the reduced-sector self-reading hardware implementation falls; no OPH core theorem, Einstein, Standard Model, cosmology branch, or OPH-versus-QM comparison is decided."
OPH-THINKING-PATCH,"The stated bounded-interface, self-read, record, and repair model fails to support its claimed stable-normal-form implication","Biological cognition cannot be mapped to bounded interfaces, self-read, records, and repair toward stable normal forms under the stated model",A preregistered operational cognitive implementation fails its declared stability or repair criterion,The cognitive continuation falls; physical OPH branches are independent.
OPH-PARADISE,The record-continuation semantics are internally inconsistent or fail to define the stated identity and destination conditions,The OPH record-continuation framework cannot support identity preservation or destination assignment even as an interpretation,No empirical claim is made by the present meaning-layer essay; any future operationalization must register its own falsifier,The meaning-layer essay falls; physics theorem surfaces are unaffected.
OPH-GR-DS-MU2-IDENTITY,"The pure de Sitter shock equation with kappa=1/r_c fails to reduce mu^2 to d-2, or d-2 differs from the ell=1 scalar-Laplacian eigenvalue on S^(d-2).",No source-bound screen realizes the imported pure de Sitter shock equation as its physical kinetic equation,A receipt-complete pure de Sitter shock measurement requires a different dimension or radius dependence,Only the standard pure de Sitter Killing-horizon class and downstream statements importing this identity are reopened. Non-pure-de-Sitter backgrounds and modified shock operators lie outside the tested class. The finite entropy and capacity-transfer algebra remain separate.
OPH-GR-DS-CAPACITY-TRANSFER,"Inside the positive finite-integer sector and uniform-transfer class, the ln M maximum, an admissible finite logarithmic loss, analytic gradient or Hessian, fixed-M tangent sign, nonstationarity, or strict analytic interpolation fails",No physical screen realizes the positive finite capacity partition and fixed-total uniform-transfer family,A receipt-complete uniform capacity transfer violates the predicted monotone entropy loss,"The affected finite positive-sector, positive-real relaxation, or uniform-transfer identity is retracted. Nonuniform transfer laws, alternative entropy functionals, and dimension-changing carrier dynamics lie outside the tested class. The pure de Sitter mass identity and graph spectrum remain separately assessable."
OPH-GR-DS-SHOCK-SIGN-ATTACHMENT,"Inside the fixed-total-capacity and horizon-area bridge, the exact transfer sign is mapped inconsistently after every stated dictionary is imposed","The fixed total capacity, horizon area, Einstein branch, scale, or coefficient cannot be realized on one source-bound screen",A receipt-complete physical branch gives no time advance or gives the opposite shock sign,"The fixed-total-capacity and horizon-area route to the physical de Sitter shock sign falls. Other shock sources, capacity dictionaries, and gravitational attachments lie outside the tested bridge. The pure de Sitter mass identity and finite entropy and transfer identities retain their mathematical status."
OPH-GR-DS-DISCRETE-SHOCK-SPECTRUM,"Inside the declared icosahedral nearest-neighbour port and edge class, the exact graph spectrum or regular line-graph multiplicity relation fails","The icosahedral rotation triplet is not exact gauge, or the physical shock kinetic operator is not the declared scaled nearest-neighbour combinatorial Laplacian",A source-bound realization satisfying both premises produces a normalized shock spectrum outside the declared exact set,"The normalized spectrum on the declared icosahedral nearest-neighbour port or edge operator is retracted or retyped. Other carriers, kinetic operators, gauge reductions, and symmetry-breaking deformations lie outside the tested class. The pure de Sitter mass and finite capacity-transfer identities remain separate."
OPH-REPAIR-SHOCK-DOMAIN-BOUNDARY,"Inside the declared fixed-sector type, the repair generator has a typed action on dimension-changing carriers",A physical dimension-changing shock generator is identified with the fixed-domain operator without an extension map,A claimed shock implementation uses the fixed-sector generator across incompatible carrier dimensions,"Only the stated fixed-sector domain boundary is revised. Separately typed dimension-changing repair or shock generators remain admissible escape routes. No entropy, pure de Sitter mass, or graph-spectrum identity follows from that revision."
OPH-GR-FINITE-LOCAL-DOMAIN,"Canonical-content replay fails; the 24-event control's generated and declared edge sets differ; a raw writer label without full authentication creates an edge; an independent recomputation changes a stated finite-domain or frozen interval diagnostic; any native interval enters the frozen exploratory four-dimensional band; the geometry-seeded compiler ceases to recover the supplied cover or transitive order; a fail-closed mutation is accepted; coordinate-map injectivity or sampled-region membership changes or fails; the Poisson count channel fails; or compiler, order-embedding, and Poisson-density acceptance are conflated","The native source bundle has a target-aware ancestor; the geometry-seeded control is called OPH-selected or an OPH source-log refinement; or either artifact is promoted to dimension, volume, manifoldlikeness, an open-chart atlas, a continuum Lorentzian manifold, physical Spin structure, or quantum field theory without the missing physical certificates",A repeated native source capture carrying the same frozen contract violates a promoted finite-domain invariant outside its declared deterministic scope,"The finite local-domain artifact is withdrawn. The source-derived finite one-plus-three carrier and the separately conditional continuum, gauge, and matter theorems remain subject to their own premises."
OPH-SOURCE-DIMENSIONLESS-GAP,"The signed incidence operator has a kernel, the integer determinant bound fails, or the numerical eigensolve misses its certified residual enclosure",No source-derived physical transition and SI calibration attach the finite gap to an observer-readable clock or mass scale,A preregistered physical attachment maps the source gap to a clock or mass outside its frozen normalization and uncertainty contract,The finite source-gap claim is withdrawn. The local-domain operator identities and the separate 24-register scaling no-go remain intact.
OPH-A5-PRIMITIVE-PORT-SPIN6,"A5 transitivity fails to equalize weights inside a selected orbit, the vertex, face, and edge orbit rays are not pairwise distinct as certified, the exact vertex-branch moment expansion or rational coefficient relations are false, the exact through-eighth-order template or full-cosine tail bounds fail, or the declared full kernel has any stationary direction outside the certified 62 or changes one of their Morse indices for 0<|ak|<=1","The current internal seam-repair operator is identified with a spatial hop operator without a typed bridge, or no scalar or polarization-independent physical sector realizes the primitive-port symbol with coherent carrier-frame transport and isolated intrinsic coefficients","Under the registered eligibility and joint-coverage rule, isolated intrinsic C4 is positive, an isolated rank-one-through-five intrinsic coefficient is nonzero, the linked B0/B6 terms or rotated I6 vector are excluded at adequate sixth-order power, or the calibrated likelihood excludes the complete branch manifold at five or more standard deviations","The primitive twelve-port physical propagation branch falls. The tracked serialized-data census does not make that branch OPH-wide. Wider OPH falls only after a stronger source law supplies the spatial translation operator, complete propagation grammar, physical readout, coherent frame and boost transport, and exclusivity theorem. The abstract A5 invariant theorem remains mathematical unless its own exact identities fail."
OPH-A5-SEAM-CURRENT-EDGE30,"The canonical seam boundary does not have D6 image, its metric completion differs from the response-selected three-carrier, cumulative record addition fails to act as stated, the typed naturality and unique-minimizer premises do not force uniform source weights, the Markov or Dirichlet identities and Fourier normalization fail, a full seam event does not have raw chart norm squared 4 and response-Gram completion norm squared 2-2/sqrt(5), the complete projective multiset differs from the edge orbit with multiplicity, a displayed exact moment, coefficient, formal-series, common-negative share-envelope, transition, no-solution, or deterministic-root identity fails, the declared transverse projector is not rank two and idempotent, the scalar oscillator splits its two directions, or exact enumeration fails to reproduce the synthetic recovery counts","A source seam is promoted to physical displacement, a conditional transverse oscillator is promoted to a photon, a kinematic window is promoted to opacity or flux, or a photon-only exclusion is transferred to the universal photon/electron branch without the registered position action, complete-support, equal-weight, Maxwell or field-sector, gauge, gluing, normalized-symbol-to-physical-frequency, clock, finite-scale, frame, interaction, source, detector, nuisance, quantization, and readout premises, or no common source-bound realization discharges them","After the physical observable and covariance gates close, a nonzero signal can test the frozen linked ray while fitting its amplitude. A null rejects the attached branch only when a same-action positive physical scale lower bound and calibrated dataset-specific power exclude the complete negative-C4, positive-B0 and negative-B6 manifold. The finite Rademacher stress law and conditional threshold windows alone have no phenomenological verdict",Failure of an exact finite identity withdraws the source-native seam-current edge theorem. Failure of an eligible physical comparison rejects the seam-current edge propagation branch. The wider framework falls only if a separate theorem proves that this physical branch is forced and exclusive. An open or failed attachment premise prevents branch entry and is not a phenomenological falsification. FZ-11 and its primitive-vertex branch remain separately frozen.
OPH-MODAL-MAXWELL-FACTORIZATION-BOUNDARY,"The modal curl has nonzero momentum divergence, its square differs from the committed FZ-12 scalar action on a nonzero transverse mode, the opposite-sign pair fails its oscillator equation or transverse preservation, the same-sign pair has the oscillator sign on an amplitude with nonzero spatial action, or the exact replay fails its sign or normalization control","The momentum-dependent modal multiplier is promoted to a local real position-space Maxwell system, or electric/magnetic fields, U(1) gauge structure, an action, Gauss/source coupling, covariance, continuum control, or readout are claimed without their retained producers and attachments",This bounded factorization emits no phenomenological prediction and creates no frozen-prediction row; a later physical Maxwell branch must be tested through its own preregistered observables,"Only the modal square-root and paired-factorization theorem falls. The upstream exact FZ-12 scalar symbol, rank-two transverse oscillator, frozen dispersion branches, finite Gauss receipts, and every later physical electromagnetism attachment retain their separately stated scopes and gates."
OPH-A5-CARRIER-CLASS-DISPERSION-BAND,"An exhibited positive-weight class member has nonnegative C4 or B0/C4^2 below 10/21, a multi-radius member attains the floor, any member has B6/B0 outside [-16/135, 16/75], the rank-six kernel factorization sum_g((g u).n)^6 = 60/7 + (64/35) I6(u) I6(n) has a nonzero residue at any seed, the recomputed invariant multiplicities through rank six differ from (1,0,0,0,0,0,1), the degree-eight kernel constant or either displayed D0/D6 formula fails, the degree-eight kernel introduces a new anisotropy shape, or a single-radius member violates 5 D6 B0=12 B6 D0","The class premises are attached to a physical sector without the typed bridge of the owning branch claims, or a stable invariant finite-range carrier outside the declared class premises reproduces the branch phenomenology without obeying the band","Under the same registered eligibility and coverage rules as the branch predictions, a resolved intrinsic dispersion measurement lands outside the class surface in a way the branch decision rules cannot attribute to one branch alone",The class-band theorem and its widened kill surface fall. The FZ-11 and FZ-12 branch predictions are assessed by their own claims and custody rules. The universality and fixed-point packets are assessed by their own exact identities.
OPH-POSITIVE-COSINE-FREQUENCY-CONTRACTION,"The exact sine-feature norm fails to equal the normalized complete cosine symbol, the feature map violates its unit contraction, its norm violates the global Lipschitz bound, an FZ-11 or FZ-12 support binding changes, or an independent replay or mutation control fails","The auxiliary carrier-chart norm is called physical frequency or signal speed without physical position, frequency, clock, field, wave-packet, frame, finite-scale, source-lag, detector, exclusivity, and custody receipts","After every physical attachment and decision rule is frozen, a resolved intrinsic propagation law outside the attached global bound rejects that positive-cosine branch; the current packet authorizes no comparison","Failure retracts the global auxiliary-frequency contraction or the affected frozen-support binding. The carrier-class Taylor coefficient theorem, immutable FZ payloads, and wider OPH framework remain separately assessable. An open physical attachment blocks phenomenological use and is not a mathematical counterexample."
OPH-TIME-ORDER-TYPE-LEDGER,"A forbidden implicit coercion elaborates, the eight ledger tags are not pairwise distinct, positive affine regraduation violates strict record monotonicity, or a nonzero offset leaves every inhabited clock readout unchanged","A record order, repair schedule, or modular parameter is identified with physical time without an explicit realization and calibration map",No phenomenological verdict is defined because the ledger supplies no physical observable or decision rule,"Only the type-safety or affine-gauge boundary falls. No spacetime, modular, thermodynamic, or physical-clock theorem is inferred from this ledger."
OPH-BOUNDED-OBSERVER-TIME-CALIBRATION,"A strictly increasing regrading fails to preserve monotonicity, the cubic three-tick control is affine, the supplied unit-speed history fails timelikeness, same-history interval/additivity, overlap covariance, or the one-event/two-event-pair/nondegenerate-third-point comparison theorems","A source history is called a physical clock without producing the supplied atlas, event map, unit-speed calibration, shared-event equality, refinement transport, instrument, and unit receipts","No phenomenological verdict is defined until a physical clock pair, shared events, uncertainty model, and prospectively designated held-out-event decision rule with custody are attached","Only the bounded observer-time gauge, conditional affine realization, or public comparison theorem falls. C1/C2 algebraic Lorentz geometry, the A1 type ledger, Einstein dynamics, physical clocks, and every frozen prediction remain separately assessed."
OPH-PUBLIC-RECORD-ALGEBRA-NOCLONING,"The public span is not a commutative star subalgebra in the commutant, active coordinate extraction and synthesis are not inverse star-algebra maps, or a common isometric sharp copier clones two distinct nonorthogonal alternatives","The abstract mixed-state adapter is presented as a proof of no-broadcasting, or active projector labels are identified with physical records without a record-selection attachment",No phenomenological verdict is defined because the finite theorem package supplies no physical readout or prospective decision rule,"Only the finite public-algebra representation or sharp no-cloning theorem falls. The mixed-state adapter, physical record selection, and every phenomenological claim remain separately assessed."
OPH-CONSENSUS-TOWER-INTERFACE,"A functorial refinement law, order or public-algebra naturality law, record or generator intertwining law, contravariant state-pairing law, or constant-adaptor identity fails","The constant one-regulator adaptor is presented as a nonconstant source-derived tower, repair process, physical clock, causal net, geometry, continuum limit, or physical evolution","No phenomenological verdict is defined because the interface fixes no physical source, scale, clock, observable, or prospective decision rule","Only the structural tower interface or constant adaptor falls. No source realization, physical clock, causal net, geometry, continuum theory, or frozen prediction is inferred from this claim."
OPH-PUBLICIZATION-DYNAMICS-FINITE,"A Kraus normalization, Kraus map identity, trace identity, public-residual decomposition, composition law, Poissonized flow identity, literal bounded-operator exponential identity, projector-rate generator identity, fixed-algebra equivalence, or multi-collar intersection theorem fails under its premises","Explicit Kraus syntax is promoted to a CP/CPTP theorem without a formal predicate, a negative parameter is called a Poisson rate or forward time, or a source-derived channel, clock, rate, or no-cancellation proof is claimed without its attachment","No phenomenological verdict is defined because the packet fixes no physical rate, observable, calibration, or prospective decision rule","Only the finite publicization packet falls. No physical channel, clock, entropy, locality, or prediction claim follows from this package without its separate interfaces."
OPH-PUBLIC-PRIVATE-DYNAMICS-FINITE,"A positive unital map violates the exact row-stochastic representation under the declared cone, a public star automorphism is not uniquely induced by a label permutation, a pointwise-continuous public star-automorphism group is nontrivial, a full-block star automorphism is not unitarily inner, or the fixed-Hamiltonian unitary or real-parameter von Neumann identity fails","The public classification is transported beyond the exact active-record function algebra without the B1 equivalence, the full-block theorem is generalized to arbitrary central sums, or a coherent Hamiltonian, source dynamics, or physical clock is claimed without its missing bridge","No phenomenological verdict is defined because the packet supplies no source Hamiltonian, clock calibration, observable attachment, or prospective decision rule","Only the attained finite B3 packet falls. Source dynamics, physical time, and every frozen prediction remain separately assessed."
OPH-FINITE-BORN-FRAME-RANK-GAP,"A rank or representation theorem fails; a nonlinear response loses probability, normalization, noncontextuality, or non-affinity; the finite Busch interface is true; the phase lift, tomography, conjugation-orbit, recount, designation, normalized-product, or typed-applicability theorem fails; or the real/Kraus closure produces the phase effect","The algebraic projector web or complex closure is promoted to a source-produced instrument, the post-hoc raw-count diagnostic or arbitrary torsor pairing is presented as preregistered/source-selected validation, finite-web normalization is presented as full effect additivity, fabricated rotated or phase outcomes are accepted, or frequencies are said to create a universal valuation law",No phenomenological verdict is defined because no source-produced complete instrument or freshly preregistered decision rule is supplied,"Only the bounded twelve-port frame audit, finite-web no-go, celestial closure boundary, source-context tomography audit, or algebraic phase-lift target falls. The general finite event-algebra theorems, a future richer source-produced phase-sensitive instrument, and every frozen physical prediction remain separately assessed."
OPH-PUBLIC-WORLD-ENDPOINT-FINITE,"Quotient equality differs from readback equality, termination fails to produce completion, confluence fails to identify completed endpoints, the stated congruence and completeness packet fails to give a representative-independent consistent public endpoint, OPH Repair fails to descend or be idempotent, or a negative control fails","A terminal finite completion witness is relabelled infinite scheduler fairness, the caller-supplied A3 encoding is described as source-selected, or the finite endpoint is promoted without source and cross-regulator realization","No phenomenological verdict is defined because A4 supplies no physical observable, clock, calibration, source realization, or prospective decision rule","Only the bounded finite A4 quotient and endpoint packet falls. Source realization, cross-regulator naturality, continuum limits, physical spacetime, and every frozen prediction remain separate and are not asserted by this claim."
OPH-CANONICAL-LORENTZ-MODULE,"The Herm2 Pauli representation, determinant identity, (+---) inertia, celestial inverse, frame bound, rest-space dimension or positivity, or exact Einstein coordinate bridge fails","The intrinsic module or algebraic hyperboloid is identified with physical spacetime, observer frames, rods, or clocks without an observer-patch selection and soldering construction","No phenomenological verdict is defined because C1 supplies no physical event, clock, scale, observable, calibration, or prospective decision rule","Only the intrinsic C1 Lorentz module or its coordinate bridge falls. No physical soldering, clock, spacetime, Einstein dynamics, continuum statement, or frozen prediction is supplied by this claim."
OPH-FINITE-CAUSAL-OBSERVER-NET,"A declared isotony, locality, refinement, expectation, repair, restriction-gluing, rich-fibre, post-hoc operator-generation, slot-factor, conditional-expectation, CP-diamond, coverage, noninjective-correlation, pinch, transport, properness, or negative-control theorem fails under its premises","The declared Cartesian carrier, region map, slot split, constant tower, or a unique-gluing/correlation reconstruction contrary to the noninjectivity control is promoted as source-selected; closed #712 is said to own the residual; the uncommitted frame exploration is used as a no-go; or CP/CPTP dynamics, spacetime causality, continuum AQFT, or a physical instrument is promoted without its receipt","E1 emits no physical prediction; only after a separately frozen source-attached regional net, compatible correlation/descent receipt, nonconstant realization, channel, spacetime, clock, observable, and decision-rule attachment could a remote operational influence test that branch","Only the substantial conditional finite E1 interface or its consistency controls fall. A noncommutative source net, physical causality, continuum AQFT, and every frozen prediction are separate obligations with independent assessments."
OPH-THERMO-FOUR-LAW-PACKAGE,"A feasible state beats the exponential family in the constrained projection, a fibre-supported law beats the conditional row, a stochastic kernel with stationary reference increases relative entropy, a fibre-measurable charge moves under the kernel, a reference-preserving step violates the integral or detailed fluctuation identities, an equilibrium time-lagged correlation is asymmetric under detailed balance, a state pair violates the exact-remainder cap first law, the excited Gibbs mass exceeds the gap bound, or partition pinching lacks Kraus completeness","The weighted local objectives have no global representation, the optimizers require distinct source references, the source collar fails the resampling-kernel receipt, energy-clock calibration contradicts the finite central-interface modular split, or uniform low-temperature spectral-tail control on a coherent cofinal family is absent while a continuum third law is claimed; the current finite gap-plus-cardinality structure is only one sufficient route",A certified physical repair process satisfying all five declared receipts shows sustained relative-entropy increase toward the reference,"A failed exact identity falls within the conditional thermodynamic completion package. Failure of a bounded B12 or B20 negative control belongs to OPH-THERMO-SOURCE-REALIZATION-AUDIT and may reopen a source route without falsifying the exact conditional four-law theorem. The consensus normal-form theorems, the event-algebra library, and the modular cap identities are assessed by their own claims. No frozen prediction row depends on this package."
OPH-THERMO-SOURCE-REALIZATION-AUDIT,"A rebuild changes a declared coordinate-projection diagnostic, fine-chain recurrent class, exact kernel, stationary law, eigenpair, empirical sample total, mode-killing intertwiner theorem, deterministic-pushforward obstruction, or stationary-kernel theorem; or the B20 custody pins, scheduler weights, uniform non-idempotence witnesses, join components, fixed-space dimensions, or constant-field argument fail replay","The current artifact is bound through either excluded direct mechanism, or an invented stochastic coupling is presented as run-derived",No phenomenological verdict is defined; a genuinely new source object is a different artifact rather than a falsifier,Only the affected bounded B12 direct-binding or B20 scheduling conclusion falls and a source route may reopen. The exact finite four-law package and every frozen prediction row remain separately assessable.
OPH-FINITE-TRANSPORT-GREEN-KUBO-DIFFUSION,"The reversible Dirichlet identity, Poisson symmetry, finite-matrix quadratic-form nonnegativity, exact cutoff remainder, projector correlation dichotomy, graph summation-by-parts sign, typed state bridge, canonical balance, or a conductance control fails. The protected-fibre witness has an incorrect conditional kernel, minorization, Poisson inverse or tail identity, or globally centred conserved currents are incorrectly treated as decaying.","No one source-derived evolution binds the equilibrium reference, conserved current or quantity, graph or continuum geometry, distance, clock, constitutive coefficient, boundary condition, and readout; a nonzero decaying positive-lag tail is claimed for an idempotent time-step; or no theorem identifies the Green--Kubo and graph coefficients","B8 has no standalone measured coefficient; after a separately frozen attachment, a measured correlation tail, conservation balance, or transport response outside the attached theorem falsifies that physical branch","Only the B8 finite transport kernel or its later physical attachment falls. The four-law thermodynamic package, B5 conservation kernel, and frozen prediction rows remain separately assessable."
OPH-FINITE-CONSERVATION-WARD-PRECURSOR,"The regional sign identity, closed-graph conservation, neutral-load solvability equivalence, cycle-kernel dimension, push-pull duality, fixed-charge equivalence, two-state covariance counterexample, or finite-residual limit implication fails","A physical Ward identity is claimed without a shrinking regulator scale, separating admissible tests, a residual derived from finite continuity and identified with distributional divergence, or concrete source, transport, chart, and common-tower evidence","B5 has no standalone phenomenological test; after a separately frozen physical attachment, a nonzero distributional Ward residual falsifies that attachment","The B5 finite conservation bridge or its promotion boundary falls. The underlying seam-image theorem, thermodynamic data-processing package, and conditional Einstein tensor-completion implication remain separately assessable."
OPH-FINITE-LOCALITY-NOSIGNALLING,"The concrete fixed-word dependency upper bound, outside-change invariance, row-normalized marginal identity, Kraus partial-trace identity, conditional E1 slot consumption, or normalization negative control fails","A declared Cartesian slot is called a source-produced OPH region split, or an adaptive scheduler, stochastic or CPTP state/channel, CP-net gluing, distance, clock, spacelike reading, or laboratory map is promoted without its named attachment","B4 emits no physical prediction; after a separately frozen source region/gluing/clock/channel attachment, a remote operational influence outside the attached cone falsifies that physical branch","Only the B4 finite helper package, conditional declared-adapter coverage, or the affected physical attachment falls. Consensus termination and the independently gated channel, clock, finite source carrier, and continuum-causality branches retain their separate premises."
OPH-ADAPTIVE-SCHEDULER-LOCALITY-HELPER,"The supplied ConsultsOnly premise fails to synchronize the next site, the ball(S union R,n) induction or outside-cone mutation theorem fails, the consultation-region control is not a counterexample, or a declared refinement fails cone-image or run naturality","A source scheduler, positive state/channel, CPTP map, distance, clock, spacelike relation, or laboratory channel is promoted from supplied finite scheduler/refinement data",This helper emits no prediction; a later attached remote operational influence outside its declared cone would test only that later physical branch,"Only this conditional adaptive-locality helper or its declared-refinement consequence falls. The fixed-word B4 helper, E1 region-factor work, source scheduler/channel production, physical causality, and every prediction remain separately assessed."
OPH-FINITE-HISTORY-VARIATIONAL-HELPERS,"A finite Pythagorean, minimizer, order, positive-gap limit, Euler--Lagrange, Noether, finite-variation, transfer, real-enrichment, reference-normal-form, conditional counting/trivial-kernel, scale/initial-law, multiplier, or stationary-mode/minimizer control theorem fails under its premises; or the explicit two-parameter counterfamily fails to preserve the binary corners, stationarity, fixed-endpoint single-site minimum, regular momentum map, or distinct velocity curvature","The supplied counting reference or trivial datum is called source-selected, the uniform transition kernel is said to determine the initial law or complete path reference, the stationary-maximum control is promoted to a general saddle/stationary-phase no-go, the single-site minimum is promoted to an unproved global path minimum, or a physical action, clock, amplitude, field, continuum path, or current is claimed without a receipt","B7 emits no physical prediction; after a separately frozen complete source reference, real-enrichment, stationary-phase, action, clock, and observable attachment, a measured history or current outside that theorem could falsify the attached branch","Only the conditional B7 helper, interface transfer, or same-history real-enrichment boundary falls. The finite thermodynamic package, consensus theorems, and any independently constructed physical action branch remain separately assessable."
OPH-FINITE-HOLONOMY-CHARACTER-PHASE,"A common-endpoint path ratio differs from closed-loop holonomy, rechart conjugacy or character invariance fails, a declared local face of the explicit control is nonflat, its global phase is trivial, or a cyclic-sector phase is not an nth root of unity","The supplied finite labels or character are called a source-derived physical connection, gauge field, flux, charge, spacetime loop, or detector without an attachment receipt",B6 emits no physical prediction; only after a separately frozen source/clock/experiment attachment could a measured fringe outside the attached phase law test that branch,"Only the bounded B6 path, phase, control, or cyclic-quantization packet falls. No physical gauge connection, flux, interference experiment, continuum gauge theory, or frozen prediction is asserted by this claim."
OPH-ALGEBRAIC-EVENT-FRAME-SOLDERING,"Coincidence invariance fails to characterize unique descent, the supplied chart-coordinate family violates its overlap law, affine translations fail to cancel from displacements, a cocycle or interval/celestial/frame/rest covariance theorem fails, SourceUnitDirection is not equivalent to CelestialSphere or FutureNullRay, the quotient/rest metric identity fails, the order-faithful-placement constructor fails to inhabit its one-chart packet, or the Boolean-diamond control fails","The supplied setoid, cocycle, chart-coordinate family, cone equivalence, base frame, or candidate rest readback is promoted to source-produced general geometry; the inhabited one-chart packet is promoted to a source-selected physical placement or smooth manifold; quotient descent is claimed to construct or identify atlas coordinates; or a physical sky, link-direction distribution, multi-chart atlas, rod, clock, count-volume law, topology, manifold, or continuum is asserted without the retained receipts","C2 emits no physical prediction; after separately frozen source-atlas, cone, causal, clock, observable, and decision-rule attachments, a failed covariance or clock comparison could falsify that physical branch","Only the bounded algebraic C2 contract or its candidate source-frame bridge falls. General source-event placement, certified separation, topology, physical cone and causal attachment, refinement, rods, clocks, physical spacetime, Einstein dynamics, and every frozen prediction remain separate."
OPH-GR-SOURCE-DIRECTION-EINSTEIN-COMPOSITION,A fixed source-direction representative does not equal its coordinate tomography vector; nine supplied balances fail to imply all-null balance; Ward/Bianchi/connectivity fail to make the metric ambiguity constant; the minimal shape theorem depends on a source-order packet or any removed physical-normalization field; or the normalized adapter fails under its explicit reference and scale inputs,"The fixed algebraic directions are called source-selected, Lorentz-invariant as a distinguished nine-set, observed links, physical rays, or sky samples; supplied tensor fields are called curvature or physical stress-energy; or either conditional premise package is called inhabited","This finite algebraic theorem emits no physical prediction; only a separately realized source-causal continuum, physical link-direction family, curvature and stress identification, count-volume law, and laboratory attachment could make a comparison","Only the finite same-event-type source-direction premise reduction in the supplied tensor interface falls. The independent rank-three and celestial/null-ray equivalences, the informational-order theorems, and the separately conditional common-tower Einstein composition retain their own scopes."
OPH-FINITE-QUANTUM-LIMITATION-SUITE,"The finite Robertson identity, partition quotient, sign-reflection unitarity, positive uniform weight, sign-average pinching identity, global-sign control, support witness, or totalized-log countermodel fails under its supplied inputs","A supplied state, observable, or partition is presented as source-selected, an algebraic readout is presented as a detector, or the totalized raw trace formula is promoted as support-aware entropy","The bounded package emits no prediction; after a separately frozen state, instrument, continuum, and laboratory attachment, a failed physical relation would test that branch","Only the bounded finite uncertainty, partition-readout, random-unitary pinching, or totalized-log support-boundary packet falls. Support-aware entropy, a future source-selected quantum instrument, continuum quantum field theory, finite matter algebra, and every frozen prediction remain separately assessed."
OPH-FINITE-EXTERIOR-COMPONENT-BRIDGE,"An exterior-component identity changes, the supplied-weight action law or common kernel differs from Z6, the selected support loses nontriviality, invariance, or its exact kernel, or an integration control fails","A supplied exterior carrier, partition-sector map, central weight, selection mask, or character action is presented as source-selected, as ambient-projector conjugation, or as physical fermion parity without the corresponding producer and attachment receipt","The bounded package emits no phenomenological prediction; after separately frozen source-selected matter action, physical parity, continuum, and laboratory attachments, a failed physical relation would test that attached branch","Only the bounded exterior-component or supplied-weight integration packet falls. The abstract Standard Model Lie-type theorem, future source-selected matter, continuum quantum field theory, and every frozen prediction remain separately assessed."
OPH-QFT-STRUCTURAL-INHERITANCE-MATRIX,"The status list does not contain seven rows, theorem-shaped finite surrogates are not exactly rows 3 and 5, full-target exits or gates are not exactly rows 1, 2, 4, 6, and 7, a row anchor fails, a finite precursor is misreported, a bijective localized endomorphism on the declared finite net is not inner, or either declared finite KMS counter-reading fails","A finite Gibbs identity is called physical thermality, innerness of the restricted bijective localized-endomorphism class is promoted to full DHR or a reconstructed gauge group, the local finite static action is called temporal/continuum field reconstruction, the triple carrier is called a regional-net or Cauchy join, or any typed exit is promoted without constructing its named missing carrier and attachment","The matrix has no standalone phenomenological prediction; after a separately frozen physical QFT attachment, failure of that attachment is assessed against its own observables rather than this finite status matrix","Only the partial E4 status matrix, its restricted finite row-3 or row-5 conclusion, or the affected typed exit falls. No blanket QFT inheritance claim is substituted, and unrelated finite consensus, dynamics, geometry, or gauge packets retain their own statuses."
OPH-FINITE-UNITARY-SCATTERING-LIMIT-NO-GO,"A nonidentity element of a Hausdorff topological group has ordinarily convergent natural powers, a nonidentity finite-dimensional unitary power sequence converges in the unitary or ambient matrix topology, or identical relative evolution is not constantly the identity","Direct failure of U^n to converge is promoted into a no-go for relative or comparison wave operators, weak or projected limits, Cesaro procedures, continuum or infinite-volume limits, open-system dynamics, or finite-time operational scattering",The result has no standalone phenomenological prediction; a later separately frozen scattering construction must be tested through its own physical observables,"Only the direct-power asymptotic obstruction and its use as a fixed-cutoff architecture constraint fall. Interacting QFT, physical scattering, relative or comparison limits, selected projected scalar or observable convergence, infinite-dimensional weak limits, Cesaro procedures, continuum limits, open-system constructions, and finite-time operational protocols remain separate obligations regardless."
OPH-GAUGE-KINETIC-HISTORY-BINDING,A supplied bracket record has a nonzero cross-factor entry; either F/G carrier space fails to drop from dimension three to two with the displayed sqrt(5) relation; the P control fails; product normalization or kernel factorization fails; equal constructed kernels admit an independent relative-coefficient change; or a full-P/F literal is wrong,A constructed full-P or color-F Gibbs kernel is promoted to an independently source-produced physical action; the identifiable relative coefficient is called predicted or selected; or the finite symbolic packet is promoted to units or a continuum field,"The bounded row emits no gauge-coupling or spectroscopy prediction; only after separately frozen source, continuum, clock, laboratory, and coefficient-selection attachments could a physical comparison test the branch","Only the affected bounded invariant-form or constructed-kernel compatibility result falls. No source-selected gauge action, selected relative coupling, continuum theory, or phenomenological prediction has been established by this row."
OPH-GEOMETRY-INVERSE-SQUARE-SHELL,Ball-volume exponent differs from the carrier finrank or shell content differs from 4 pi r^2,The declared radial readout or flux normalization cannot be instantiated by any source packet,A composed Einstein-branch join contradicts the shell law on the shared regime,The Newtonian-limit row of the gravitation lane loses its receipt; the completion carrier and the Einstein composition are assessed by their own claims.
OPH-GEOMETRY-LAYERED-DISCRETE-GAUSS,"A regional, shell-total, inverse-square, scale-free, witness, obstruction, or twelve-port bridge theorem fails under its stated hypotheses",No source packet can instantiate the three named layered premises on a physically interpreted carrier,A claimed discrete Newtonian regime violates the depth-bounded shell law or ignores either global finite-carrier obstruction,"Only the premise-complete discrete shell precursor and its finite-carrier boundary fall. The continuum shell theorem, completion carrier, Einstein composition, and physical Newtonian identification remain independently assessed."
OPH-EM-POSITION-SPACE-MAXWELL-COULOMB,"The Laplacian-Green identity, kernel characterization, Thomson uniqueness, global-projector identities, Coulomb-annihilation control, or gauge-conservation equivalence fails on the committed incidence","The dense Green-built projector is called local, its real quotient is identified with the compact U(1)^19 torus, the separate Coulomb field is called a sector of the sourced Hodge action, or port loads/seam sources are promoted to physical charge/current without PR-53 and PR-54",This bounded package emits no phenomenological prediction and creates no frozen-prediction row; a later local and physical electromagnetism branch must be tested through its own preregistered observables,"Only the Coulomb-Green and position-space action package falls. The committed Gauss receipts, holonomy classification, modal factorization, and every later physical attachment retain their separately stated scopes and gates."
OPH-QUANTUM-TSIRELSON-SATURATION,"The declared witness fails positivity, trace one, an event certificate, slot commutation, or the exact 2*sqrt(2) expectation, or a fixed diagonal state with jointly diagonal bounded observables exceeds 2","The declared state or events are promoted to source-produced preparations, physical regions, spacelike separation, or observer instruments, or the entirely real witness is claimed to require a genuinely complex PR-04 phase",This bounded witness emits no phenomenological prediction; laboratory Bell tests are outside its scope until PR-52 attachments exist,Only the saturation witness and diagonal delimitation fall. The committed upper-bound theorems and slot-locality receipts retain their separately stated scopes and gates.
OPH-QUANTUM-OPERATIONAL-PHASE-INTERFACE,"An ideal model fails fixed-trace identification, the certified state pair fails distinctness or diagonal identity, a diagonal or complexified-real effect satisfies phase sensitivity, or the synthetic inhabitant fails","The static exact-fit model is promoted to a source operation, operational instrument, statistical validation, producer receipt, or PR-04 discharge","This ideal model emits no phenomenological prediction; a genuine operational phase instrument must supply CP outcome maps, a summed channel, readback and producer-bound validation under PR-03/PR-04",Only the ideal static fit and its algebraic delimitations fall. The committed algebraic phase completion and the independently open operational/source attachment retain their separately stated scopes and gates.
OPH-QUANTUM-TIME-SLICE-INTERFACE-DELIMITATION,"The 86/247 anchoring, shared-observer agreement, corrected constant-region inhabitant, or evolved walk-slice failure is wrong on the committed data","The marginal hinge alone is called a carrier join, the one-step reindexing is promoted to physical time/Cauchy evolution, or the withdrawn raw-generation no-go is used to require a new net shape","This structural package emits no phenomenological prediction; regional-net/tower joining, physical time, and causal structure remain under PR-52/PR-58","Only the parallel anchoring, shared-marginal hinge, and finite one-step interface facts fall. The triple coupling, committed regional nets, counted correlation receipts, and independently open net/tower and Cauchy/time-slice targets retain their separately stated scopes and gates."
OPH-MECH-ENRICHMENT-CHARACTERIZATION,"A corner-invisible quadratic escapes the two-parameter family, the stationarity line differs from a+c=a*, a quadratic necessity witness fails, or the quartic continuation fails its exact regular nonselection receipts","The named velocity-only clause is promoted to a source fact, the cubic exclusion to global uniqueness, or the tested clauses to a proved-minimal axiom system despite the quartic continuation",This characterization emits no phenomenological prediction; mechanics comparisons stay with the committed composed surfaces,"Only the characterization falls. The committed mode-extremal receipts, the counterfamily, and the realized-history no-go retain their separately stated scopes and gates."
OPH-THERMO-COHERENT-REFINEMENT-ENVELOPE,"The envelope fails uniform concentration, the ladder fails its envelope or unbounded-cardinality theorem, an explicitly additional conversion hypothesis is omitted, or the companion conjunction misidentifies the supplied family","The directed type is called cofinal, same-data cardinality separation is promoted to full structure inclusion, or the supplied family is claimed to replace the degenerate family inside FourLawConclusions",This bounded companion emits no phenomenological prediction; a source-produced ambient/cofinal family and physical calibration remain separately registered,Only the coherent-envelope generalization falls. The committed gap-based third-law member and the composed four-law surface retain their separately stated scopes and gates.
OPH-EM-LOCAL-FACE-MAXWELL-STATIC-COMPOSITION,"The face incidence violates boundary-of-boundary, rank or kernel, the local operator support differs, gauge invariance and conservation diverge, a stationary/minimum clause fails, or independent replay disagrees","The finite port load or seam current is promoted to physical charge/current, the two source types are conflated, or the static face action is called temporal or continuum Maxwell theory without PR-53/PR-54",This bounded package emits no phenomenological prediction; FZ-12 remains unarmed because no physical propagation/readout or same-operator comparison is supplied,"Only the local finite static action and its scalar/vector composition fall. The exact Coulomb-Green, global Hodge comparison, modal factorization, holonomy classification, and every physical propagation or source attachment retain their separately stated scopes."
OPH-QUANTUM-TRIPLE-CARRIER-JOIN,"A projection, path/count marginal, state positivity/trace, pair-state marginal, checkpoint recovery, adjacent-step transport, intertwiner, or nonuniqueness receipt fails","The positive trace-preserving marginal is called CPTP or multiplicative, the coupling is called canonical from pair data, or it is promoted to a regional-net/tower/physical-time join",This bounded coupling emits no phenomenological prediction; source instruments and physical causal attachments remain under PR-52/PR-58,"Only the explicit triple coupling and its state/path/checkpoint/evolution receipts fall. The original pair carriers, their regional nets, the tower anchorings, and every source, operational, causal, or physical attachment retain their separately stated scopes."
OPH-THERMO-COFINAL-SPECTRAL-TAIL-COMPOSITION,"Ambient cofinality, infinite-stage or strict-carrier progress, the unbounded ladder, uniform/cofinal-tail concentration, the implication from supplied calibrated-stage energy identification to off-minimum-mass equality, or same-family rethreading fails","A declared regulator label is promoted to a physical continuum, strict cardinal growth is claimed necessary for every route, or an unrelated constant/gap family is substituted for the supplied cofinal family","This conditional package emits no phenomenological prediction; source production and the physical regulator, energy, temperature, repair, and continuum identifications are not supplied","Only the ambient-cofinal refinement composition falls. The finite four-law core, the weaker directed envelope, and the original gap-based sufficient member retain their separately stated scopes."
OPH-GEOMETRY-KINEMATIC-MASS-SHELL,"A scaled frame vector violates the Lorentz-square, shell, rest-characterization, transport, or null identity","No OPH source, clock, or calibration packet identifies the scalar coordinate with a physical energy or the declared parameter with a physical mass",A physically attached energy readout on the same module contradicts the shell relation on its stated domain,"Only the kinematic mass-shell packet falls. The canonical Lorentz module, frame hyperboloid, soldering contract, and every physical energy, clock, or mass identification are assessed by their own claims and premises."
OPH-EM-TEMPORAL-MAXWELL-EVOLUTION-CONTINUITY,"A conditional Faraday, continuity, quadratic-form, gauge, zero-current static-join, or wave identity fails, or the exact unstable spectral modes and timestep bound are wrong","The declared PR-66 update is promoted to a derived law, the indefinite quadratic form to positive energy, the unit-step recursion to stable propagation, or load/current/step to physical source/time without PR-15/PR-53/PR-54","This bounded package emits no phenomenological prediction; stable propagation, readout, and comparison stay open under PR-53","Only the temporal evolution layer falls. The static local face action, the Coulomb-Green receipts, the Hodge comparison, and every physical propagation, source, or readout attachment retain their separately stated scopes."
OPH-QUANTUM-HINGE-FIBERED-JOIN-AND-SLICE-REGION-DICHOTOMY,"An embedding is noninjective, the hinge agreement or the 338-dimension count fails, the embedded-image intersection differs from the hinge image, a transported counted state misses the committed count86 law, an anchoring or walk-step commuting square fails, a net-compatible slice family over the committed walk evolution is nonconstant, a one-step region change is not a slot exchange, or the slot-alternating inhabitant fails admission or generation","The diagonal-layer join is promoted to a star-algebra amalgamation, a regional-net or tower morphism, or a physical time-slice attachment without PR-52/PR-58",This bounded join emits no phenomenological prediction; source instruments and physical causal attachments remain under PR-52/PR-58,"Only the diagonal-layer join and the slice-region dichotomy fall. The pair carriers, their regional nets, the tower anchorings, the triple carrier coupling, and every source, operational, causal, or physical attachment are assessed by their own claims."
OPH-QUANTUM-PHASE-MODEL-DETERMINATION-BOUNDARY,"The phase-sensitivity characterization, diagonal pinning, affine frequency dependence, committed-core closed forms, determination equivalence, integer window, outcome positivity, or minimal mass two fails","The window or exact static fit is promoted to an instrument, source preparation, provenance, observation, or validation, which the synthetic inhabitant excludes",This bounded reduction emits no phenomenological prediction; operational realization and custody stay with PR-03/PR-64/PR-65,"Only the determination boundary and the receipt window fall. The ideal static fit, its synthetic non-discharge control, and the separately open operational and source attachments retain their own scopes and gates."
OPH-GEOMETRY-INTERNAL-CLOCK-REST-FREQUENCY,"A rest-phase, rotation-law, chart-invariance, period-lattice, spatial-gradient, temporal-rate, zero-mass-degeneracy, no-rest-chart, or shell-completeness identity fails","No OPH source, clock, or calibration packet identifies the declared clock with a physical oscillation, the mass parameter with a physical mass, or the phase rates with measured frequencies",A physically attached frequency readout on the same module contradicts the mass-times-proper-time phase law on its stated domain,"Only the internal-clock formal precursor falls. The kinematic mass-shell packet, the canonical Lorentz module, and every physical clock, frequency, or mass identification are assessed by their own claims and premises."
OPH-SCREEN-ELECTROWEAK-BREAKING-COMPOSITION,"A minimizer, stabilizer-line, quadratic-coefficient kernel, ray expansion, algebraic mass coefficient, ratio, Yukawa-line, or charge-balance receipt fails under PR-67--PR-69","The model radius r is silently identified with conventional v_SM without r=v_SM/sqrt(2), or finite declarations are promoted to a physical Higgs sector, kinetic action, vacuum, or Yukawa matrices without PR-47--PR-50/PR-54",This conditional finite composition emits no phenomenological prediction; quantitative electroweak and Higgs comparisons stay with their own frozen surfaces,"Only the composed electroweak-breaking inhabitant falls. The gauge-structure composition, the exterior selection, the index dictionary, and every physical Higgs, mass, or action claim are assessed by their own claims and premises."
OPH-MECH-POLYNOMIAL-BOOST-SELECTION,"A quadratic-grammar boost receipt, the velocity-slice quadratic-affine characterization, the quartic failure witness, the four-clause selection, a load-bearing survivor, or the antisymmetric-cubic delimitation fails","The declared boost clause is promoted to a derived physical symmetry, a Galilei action on realized histories, or a PR-06 discharge",This characterization emits no phenomenological prediction; mechanics comparisons stay with the committed composed surfaces,"Only the boost-clause selection package falls. The committed quadratic characterization, the quartic nonselection boundary, the mode-extremal receipts, and the realized-history no-go are assessed by their own claims."
OPH-SCREEN-ASSEMBLED-STRUCTURAL-ACTION,"A sector restriction differs from the committed sector functional, the assembled gauge coefficients violate the committed G constraint row, the F-row collapse fails to be one ray, the abelian phase action at the committed charge balance changes the assembled value, the complex recovery evaluation differs from the imaginary part of the committed line, or the base tuple evaluates to a nonzero value","The assembled structural action is promoted to the physical Standard Model action, the declared coefficients to measured couplings, or the declared diagonal pairing on the committed weight space to a source-produced field-strength kinetic term without PR-35/PR-36/PR-46/PR-47/PR-48/PR-49/PR-50/PR-54/PR-59",This conditional assembly emits no phenomenological prediction; quantitative electroweak and coupling comparisons stay with their own frozen surfaces,"Only the assembly falls. The committed gauge invariant-form receipts, the electroweak-breaking composition, the exterior selection grammar, and every physical action, coupling, and family claim are assessed by their own claims and premises."
OPH-QFT-CAUSAL-ORDER-COMPOSITION,"A direction of the order equivalence fails at a committed region pair, the vertex assignment identifies distinct committed regions, a declared-disjoint pair has causally related images, an oriented Lorentz map or affine cocycle transition breaks the equivalence, or the cone relation violates a partial-order law","The declared Lorentz module, the declared vertex assignments, or the declared net regions and disjointness are promoted to a physical causal order, spacetime, clock, scheduler, or observer frame without PR-16/PR-44/PR-52",This bounded composition emits no phenomenological prediction; physical causal attachments stay with PR-52,"Only the composition packet falls. The committed nets, the canonical Lorentz module, the null-cone representation, and every physical spacetime or causal attachment are assessed by their own claims and premises."
OPH-GEOMETRY-FREE-EVOLUTION-PERSISTENCE,"The declared flow violates the group law, a plane-wave function departs from its global-phase multiple, a label changes, pointwise modulus differs from one, the clock identity fails, or a zero-mass clause fails","Pointwise modulus-one algebra is promoted to Hilbert-space normalization, survival probability, a physical particle, or laboratory persistence without PR-15/PR-52/PR-54","This kinematic packet emits no phenomenological prediction; it supplies no normalized states, decay rates, or persistence times","Only the free-evolution persistence packet falls. The canonical Lorentz module, the mass-shell packet, the internal-clock packet, and every physical particle, decay, or persistence-time identification are assessed by their own claims and premises."
OPH-EVENTALGEBRA-SOURCE-REACHABILITY-DIAGONAL-CHSH,"An enumerated operation maps a record-law state outside the record law, a reachable state exceeds CHSH value 2 against jointly record-diagonal readouts, the class misses the committed counted state, the saturating state is record-diagonal, or a record-diagonality-preserving map carries a reachable state onto it","The delimitation is promoted to an all-readout or all-architecture no-go, a hidden-variable theorem, or a source entangled-preparation receipt; the proved bound covers reachable states under jointly record-diagonal readouts here and under all slot-local unit-interval readouts in the companion product-split claim, and PR-52 stays open",This delimitation emits no phenomenological prediction; realized Bell tests stay with the open preparation and instrument premises,"Only this reachability delimitation falls. The declared saturation witness, the diagonal bound, the counted states, and the slot interface are assessed by their own claims and premises."
OPH-EVENTALGEBRA-PAULI-MINIMAL-COUPLING-SQUARE,"The Clifford square identity fails for some triple over some complex algebra, the cross collapse differs from i q B k under the hypothesis, the square coefficient differs from q, a commuting triple fails the hypothesis at B = 0 or has a nonvanishing spin term, the Pauli inhabitant violates the hypothesis at q = 2, or a scalar distinct from 2 satisfies the inhabitant identity","The declared commutation data is promoted to a gauge potential or kinetic momentum operator, the recorded g = 2 reading to a physical magnetic moment, or the inhabitant to an electron without PR-15/PR-47/PR-52/PR-54",This precursor emits no phenomenological prediction; measured moments and the anomalous part stay with their own lanes and open premises,"Only the Pauli minimal-coupling square packet falls. The committed Pauli-matrix material, the Tsirelson and Robertson packets, and every physical field, moment, or laboratory identification are assessed by their own claims and premises."
OPH-SCREEN-GLOBAL-FORM-CHARACTER-DESCENT,"A label satisfying the congruence is moved by a kernel element, a label violating it is fixed by every kernel element, a committed table row violates the congruence, the control label descends, the descent count differs from six of thirty-six or a character fibre from six, or a bundled-mask component fails the congruence","The finite descent bookkeeping is promoted to a derivation of the physical global gauge-group form without the character, instanton, flux, and selection attachments of PR-46",This receipt emits no phenomenological prediction; global-form observables stay with the open PR-46 attachments,"Only the finite character-descent bookkeeping falls. The Z6 kernel receipts, the exterior selection scan, the four-quotient menu, and the registered rows PR-35, PR-46, and PR-59 are assessed by their own claims and premises."
OPH-GEOMETRY-EVENT-POPULATION-CHART-INTERFACE,The source-native interface reintroduces a population map or auxiliary precedence; generated order and supplied cone order disagree in any chart; a chart is noninjective or changes an interval; an authenticated parent edge leaves the future cone; or an order-faithful rank-spatial placement fails to construct the one-chart interface or derive separation and two-way cone faithfulness,The generated informational order or conditional finite chart interface is promoted to physical causality or spacetime without the whole source-causal continuum certificate; PR-16 and PR-52 remain open,"This finite interface emits no phenomenological prediction; physical events, links, clocks, and continuum observables stay with the open identifications","Only the source-native chart interface or order-faithful-placement constructor falls at the failing clause. The authenticated order, exact source carrier, algebraic Lorentz module, and every physical clock or continuum identification retain their own scopes."
OPH-SCREEN-FERMION-SECTOR-ASSEMBLY,"Row-pair invariance holds at unbalanced committed charges or fails at balanced ones, a restriction receipt differs from the committed functional, the shared-row identification misses the committed mass bilinear coefficient, the census equality fails on agreeing parameter lists, or the control pair fails to break invariance","The declared fermion coefficients are promoted to physical fermions, couplings, families, or a source-produced action without the PR-47 and PR-54 attachments",This sector emits no phenomenological prediction; measured couplings and families stay with their own lanes and open premises,"Only the fermion-sector extension falls. The committed assembled action, the electroweak-breaking composition, the exterior selection grammar, and every physical fermion, coupling, family, and neutral-current claim are assessed by their own claims and premises."
OPH-GEOMETRY-COMMON-WORLD-TWO-ISLAND-WITNESS,"A bundled committed receipt fails at the record's fields, a claimed definitional identification needs a transport map, a positive-mass four-momentum leaves the future cone or is not future-causal from the committed bottom vertex, the clock worldline is not causally monotone, a nonnegative flow displacement is not future-causal, a port-dual weight differs from one twelfth, or the record type is uninhabited","The conjunction witness is promoted to a common world carrying a cross-island dictionary, shared clock, or common action without PR-15, PR-52, PR-53, and PR-54",This witness emits no phenomenological prediction; the common-world target stays owed,"Only the composed two-island witness falls. Each bundled lane receipt, the committed carriers and causal nets, and every physical attachment are assessed by their own claims and premises."
OPH-QUANTUM-PHASE-OPERATION-RECORDED-DECISION-ATTAINMENT,"A calculator rerun departs from the receipt, the independent verifier finds an exact mismatch, the declared effect differs from Pauli +Y, an integer pair or least mass is wrong, a Lean arithmetic consequence fails, or the phase pair leaves the window","The declared effect is promoted to an operation or instrument, generated expected-frequency numerators to measured data or validation, or the Fin-2 matrix to source reachable without a typed map","This fixture emits no phenomenological prediction; it does not discharge PR-03, PR-64, PR-65, or PR-52","Only the static conformance fixture falls. The algebraic phase completion and the open operational-instrument, additivity, and source-provenance obligations are assessed separately."
OPH-GEOMETRY-REST-FIBER-SHELL-TRANSPORT,"The boost-shear map fails linear equivalence or exact metric pullback, the pulled-back radius differs from the carrier norm, a transported strength differs from charge over 4 pi r squared, the exponent differs from the rest-space dimension minus one, an oriented chart transport changes the strength field, or the screen-chain identity fails",The rest fiber is promoted to physical position or the transported law to a gravitational field without PR-52; the declared frame and radial readout stay declared,This transport emits no phenomenological prediction; Newtonian phenomenology stays with the open Einstein join,"The rest-fiber transport step of the Newtonian-limit row loses its receipt; the committed shell law on the carrier, the rest-space theory, the candidate screen bridge, and the Einstein composition are assessed by their own claims."
OPH-SCREEN-NEUTRAL-CURRENT-DICTIONARY,"The committed action is not diagonal with the row-1 slot couplings on a neutral direction, a mixing identity fails, a slot coupling differs from e times q6EM/6 or from gZ times (t3Six/6 - (q6EM/6) sinSqW), equal photon couplings occur at different electric charges, or a zero-charge slot violates its witness values","A defined abbreviation is promoted to a measured sin^2 theta_W, the dictionary to a physical current operator, or the tree-level algebra to a source-produced action without PR-47 and PR-54",This dictionary emits no phenomenological prediction; measured electroweak quantities stay with their own lanes and open premises,"Only the neutral-coupling dictionary falls. The electroweak-breaking composition, the exterior selection grammar, the index dictionary, and every physical current, mixing-angle, decay, or flavor claim are assessed by their own claims and premises."
OPH-QFT-JOIN-RECORD-NET-MORPHISM,"A diagonal matrix crosses the record-layer characterization in either direction, a dimension differs from the stated table, an expectation leaves the diagonal or fails to land in or fix its layer, the hinge projection fails commutation, idempotence, or restriction preservation, a join step fails to carry a region onto itself, the gluing submodule is multiplicatively closed, or the committed left regional algebra is commutative","The record-layer morphisms are promoted to operator-layer or tower morphisms, or the join to a physical time slice or spacetime without PR-52 and PR-58",This packet emits no phenomenological prediction; physical time and causality stay with the open premises,"Only the record-layer net-morphism packet falls. The committed hinge-fibered join, its embeddings and intertwinings, the committed regional nets and expectations, and the operator-layer and tower-morphism residuals are assessed by their own claims and premises."
OPH-CONS-SCHEDULER-CLASS-CAPACITY-SPLIT,"An in-class scheduler hits the defective fiber from a consistent state, a self-update-only scheduler hits the cross fiber, the network-update-only witness fails to hit the cross fiber, an in-class scheduler has a positive cross hit with zero shared cost on every supported step, the committed repair kernel fails a class constraint, a self-update-only scheduler places the coarse behavior in layer 3, a network-update-only scheduler hits the coarse target from a raised flag, the merge-then-clear witness fails a class constraint or misses layer 3, or an in-class scheduler in coarse layer 3 has zero shared or zero private cost on every supported step","The declared class or its capacity-split reading is promoted to a physical, biological, or cognitive scheduler selection; the class is an architecture declaration on the committed finite carrier",This packet emits no phenomenological prediction; scheduler realizations stay with their own lanes,"Only the declared-class bounds fall; the committed this-scheduler protected-obstruction profile, its behavior-cut recovery, and its exact transport are assessed by OPH-CONS-PROTECTED-BEHAVIOR-PROFILE."
OPH-QUANTUM-OPERATIONAL-ADDITIVITY-BOUNDARY,"A trace/enumeration identity fails, a static expected frequency differs from the declared Born weight, the countermodel leaves [0,1] or loses its stated normalization/additivity pattern, or it becomes fully additive/Born",The static fixture is promoted to a produced instrument or the forcing theorem to a derivation of PR-03; PR-64 and PR-65 are not discharged,This boundary emits no phenomenological prediction; physical instrument and source custody stay with PR-52/PR-64/PR-65,"Only the additivity-boundary packet falls. The finite Busch-Gleason theorem, static count fixture, and PR-03, PR-64, and PR-65 register rows are assessed separately."
OPH-QFT-OPERATOR-LAYER-MORPHISM-BOUNDARY,"The diagonal embedding fails injectivity or a homomorphism law, the regional membership equivalence or expectation intertwining fails, the committed left expectation fails positivity, trace preservation, unitality, or diagonal restriction, the projector witness fails to break multiplicativity, or either no-go admits a counterexample map","The layer-to-layer boundary is promoted to a net-to-net or tower morphism result, or the carriers to a physical time slice or spacetime without PR-52 and PR-58",This packet emits no phenomenological prediction; physical time and causality stay with the open premises,"Only the morphism-boundary packet falls. The record-layer net morphisms, the hinge-fibered join, the committed regional nets and expectations, and the net-to-net and tower morphism residuals are assessed by their own claims and premises."
OPH-GEOMETRY-COMMON-WORLD-ISLAND-BRIDGE,"The composed dictionary violates the metric identity at some frame and quotient pair, differs from the committed candidate readback at the standard frame, fails the source-chain or radius identity, the extended record is uninhabited over the committed inhabitant, a clause of the composed receipt fails, or the doubled dictionary satisfies the metric clause at the exhibited class","The dictionary is promoted to a physical identification, shared clock, common action, or port/seam/face carrier map without PR-15, PR-52, PR-53, and PR-54; the bridge is a candidate local readout between two mathematical objects",This bridge emits no phenomenological prediction; the common-world row stays owed on its open premises,"Only the cross-island dictionary and its extended witness fall. The base two-island witness, the rest-fiber shell transport, the screen Gram quotient, and every physical attachment premise are assessed by their own claims and register rows."
OPH-SCREEN-GAUGE-SECTOR-BRACKET-COMPLETION,"The axis evaluation differs from the committed diagonal pairing, the sector-magnitude factorization fails, a cross-generator invariance row differs from its committed constraint row, the one-ray collapse fails, a restriction receipt differs from the committed functional, the census equality fails, the control pair fails to break invariance, or the off-axis witness lies in the axis slice",The declared sector carrier or generator ratio is promoted to a source-selected gauge group action or the completed action to a source-produced physical action without PR-54,This completion emits no phenomenological prediction; measured couplings stay with their own lanes and open premises,"Only the invariant-form-level completion falls. The committed assembled action, the invariant-form constraint receipts, the electroweak-breaking composition, and every physical action, coupling, and family claim are assessed by their own claims and premises."
OPH-SCREEN-CHARGED-CURRENT-DICTIONARY,"A charged direction fails orthogonality or the orthocomplement characterization, a shift closed form differs from the strict shift with coefficient gW, the derived normalization differs from sqrt 2, a nonzero coupling exists off the committed partner pairs or vanishes on one at positive gW, a charge step differs from six sixths, a photon-commutator eigenvalue differs from i gZ e up to sign, or a commutator join lands off the committed neutral span or third-weak action","The dictionary is promoted to a physical current operator, W interaction, decay amplitude, or Fermi limit without PR-47 and PR-54; every constant stays declared",This dictionary emits no phenomenological prediction; measured electroweak quantities stay with their own lanes and open premises,"Only the charged-coupling dictionary falls. The neutral-current dictionary, the electroweak-breaking composition, the exterior selection grammar, and every physical current, decay, Fermi-limit, or flavor claim are assessed by their own claims and premises."
OPH-COMPUTATION-REPAIR-PROGRAM-BOUNDARY,"The input-specialized sweep fails to evaluate its pinned formula, consensus output is nonunique, the explicit stuttering witness fails, the width-five program depends on the input, or its run returns the wrong value","The input-specialized federation is promoted to one fixed repair computer, the weak RepairStep relation to an accepted repair law, the one sweep to fair asynchronous convergence, or the ambient S5 program to a typed A5/NC1 theorem without the missing proofs",This finite computation packet emits no phenomenological prediction; implementation and complexity claims are not established,Only these finite computation precursors fall. The general OPH confluence and public-normal-form theorems retain their separately stated scopes.
OPH-COMPUTATION-FIXED-FEDERATION-PROGRESS,"The generated-node federation depends on input, a canonical genuine step fails to lower defectRank, a fair attempt run stabilizes outside consensus, an input port changes, the weak fair-stutter witness fails, or the fixed federation returns the wrong output","The theorem is promoted to scheduler selection, bounded attempts, physical computation, complexity, or convergence of the historical weak RepairStep",This finite computation result emits no phenomenological prediction and supplies no physical device or resource bound,"Only the fixed computation-federation progress result falls. The input-specialized repair precursor, the separate width-five word program, and the canonical OPHCarrier adaptive results retain their registered scopes."
OPH-COMPUTATION-FIXED-FEDERATION-ENDPOINT,"Input observation changes, normality differs from consensus, same-input consensus endpoints disagree on output, a fair run lacks a stable endpoint, or provider removal leaves the Tower consumer valid",Output equivalence is promoted to full raw-state equality or a finite PublicWorld object,Unused raw registers and finite PublicWorld construction remain outside scope,Only the fixed computation endpoint connection falls. Generic ObservableNormalForms results and the finite OPH PublicWorld endpoint remain separately assessed.
OPH-COMPUTATION-FIXED-FEDERATION-EXECUTION-CLASSIFICATION,"The tail-fairness iff, recurrence collapse or strictness, emission-order round-robin cycle identity or linear endpoint, compiler single-consumer profile, linear descent, triangular upper, actual same-metric quadratic lower, typed allocator or bounded-waste premise control, weak-fair delay no-go, bounded-waste adapter, the fanout control (generic bound below 2^n, chain family attaining 2^n-1, or the seven-versus-six separation at three nodes), or either actual Tower consumer edge fails","A mathematical scheduler or attempt count is promoted to a physical runtime, clock, rate, energy, bandwidth, fee, hardware realization, raw-state uniqueness, or finite PublicWorld",This finite compiler execution theorem emits no phenomenological prediction and assigns no physical unit or resource meaning to an attempt,"Only the fixed-federation execution classification and its new Tower endpoint fall. The ranked fixed-federation progress and output endpoint, the adaptive cumulative-capacity classification, the input-specialized repair precursor, and the separate finite PublicWorld program retain their registered scopes."
OPH-QUANTUM-LUEDERS-PHASE-INSTRUMENT,"A committed table entry is not a Hermitian idempotent, a summed channel changes the trace of some matrix, an outcome trace on the declared matrix differs from the fixture frequency of its context, the phase Born weight differs from 1/2, the Lueders and swap-twisted outputs agree on the declared matrix, or a receipt clause fails","The declared Lueders instrument is promoted to a source-implemented measurement, its repeatability to public-outcome readback, or its fixture join to validation; PR-64 readback, PR-65, PR-03, and PR-52 stay open","This declared instrument emits no phenomenological prediction; operational phase measurements stay with the open preparation, readback, and custody premises","Only the declared conditional instrument and its fixture join fall. The static conformance fixture, the algebraic phase completion, and the open instrument-readback, additivity, and provenance obligations are assessed separately."
OPH-EVENTALGEBRA-SOURCE-PHASE-EFFECT-SELECTION,"The declared-adapter derivation does not yield exactly the unordered {+Y,-Y} pair, the multiplicities or 48/12 and 36/12 counts drift, the committed packet fails replay, or a load-bearing mutation survives","The first-label +Y sign is presented as source-forced, event-list reversal is claimed to select the transpose, or the algebraic packet is promoted to a source-produced instrument, public outcome, provenance, custody, or physical measurement",This declared-adapter enumeration emits no phenomenological prediction; orientation-invariant contexts and physical validation remain open,"Only the declared-adapter unordered-pair and compatibility results fall. The declared +Y effect, declared Lueders instrument, adapter and label choices, and the separately open preparation, outcome, readback, provenance, custody, and physical-attachment obligations are assessed independently."
OPH-EVENTALGEBRA-SOURCE-PHASE-INSTRUMENT-OUTCOME-BRIDGE,"A generated matrix is not a state, a generated event maps to the wrong declared phase-outcome index, a semantic result differs from the generated effect, an enabled step has zero Born weight, the normalized declared Lueders outcome differs from the result, or a receipt clause fails","The semantic outcome index is promoted to a recorded public outcome, the declared Lueders map to a source-implemented instrument, or per-step compatibility to common-run preparation/readback provenance; PR-03, PR-52, PR-64, and PR-65 stay open",This exact compatibility bridge emits no phenomenological prediction and contains no observed outcome or validation rule,"Only the generated-source-transition to declared-instrument compatibility bridge falls. The declared-adapter unordered-effect enumeration, the independently declared Lüders channel clauses, the Born-weight boundary, and the open public-readback, common-run, provenance, custody, additivity, and physical-attachment obligations remain separately assessed."
OPH-EVENTALGEBRA-SOURCE-PHASE-COMMON-PREPARATION-HULL,"The all-event support differs from the three stated orbit states, the rational weights leave the simplex or fail the run-state identity, another real coefficient triple gives the same state, the run matrix equals a generated state or starts a generated step, a generated result retains all-event support, a common-support state gives a generated Y orientation a weight other than one half, an inherited normalized outcome equality fails, or the receipt fails","The retrospective convex decomposition is promoted to a source-selected, sampled, or enabled common preparation, separate pointwise one-step cells to a convex-lift, reset, re-preparation, or sequential protocol, the twelve semantic events to the eight public contexts, or the semantic outcome equality to public readback/run custody; PR-03, PR-52, PR-64, and PR-65 stay open",This exact hull compatibility emits no phenomenological prediction and contains no source mixing protocol or observed outcome,"Only the generated common-support, declared-run convex-hull, and one-step boundary packet falls. The declared-adapter unordered-effect enumeration, the per-step outcome bridge, the declared instrument channel clauses, the single-shot Born-weight boundary, and all open operational and physical obligations remain separately assessed."
OPH-EVENTALGEBRA-SOURCE-PHASE-BORN-WEIGHT-BOUNDARY,"The exact identity Born(+Y)=1/2-Im(rho_01) fails on a normalized two-dimensional state, a reachable source state transported by a record-diagonality-preserving bridge gives a non-half weight, an orientation/comparator equality fails on a record-diagonal state, or either logical control has the wrong preservation behavior","The conditional single-shot Born-weight result is promoted to an operational readback no-go, the arbitrary bridge to a source-derived operation, nonzero imaginary coherence to a sufficient operational construction, or either constant control to an operational preparation; PR-03, PR-52, PR-64, and PR-65 stay open",This boundary emits no phenomenological prediction; public outcomes and validation remain absent,"Only this conditional Born-weight boundary for the current conventional +Y label falls. The declared-adapter unordered phase pair, declared Lueders channel clauses, broader source extensions, and the open operational and physical attachments remain separately assessed."
OPH-EVENTALGEBRA-PRODUCT-SPLIT-SLOT-LOCAL-CHSH,"A record-law state on a product carrier is not a finite convex combination of product states of the two slots, or a record-law state with four unit-interval settings, two in each slot, has slot-local CHSH trace of modulus above 2, or the conjugated counter-witness fails cross-wing commutation, the unit-interval condition, the value 2*sqrt(2), or non-slot-membership","The bound is promoted to a hidden-variable theorem, an all-architecture no-go, a bound on readouts outside both slots, or a source entangled-preparation receipt; the split is the declared PR-44 datum and PR-52 stays open",This bound emits no phenomenological prediction; realized Bell tests stay with the open preparation and instrument premises,"Only this separability bound and its hypothesis identification fall. The reachability delimitation, the saturation witness, the diagonal bound, and the slot interface are assessed by their own claims and premises."
OPH-GR-EINSTEIN-BRANCH-INHABITANT,"The value fails to typecheck against the committed register, the first-law clause at the value differs from the horizon-thermality statement, a nonvacuity clause is false on the stated data, or the modular-generator clause holds for the uniform-reference triple without the split","The demo-tier inhabitant is promoted to a source-generated tower, the definitional Einstein clause to a derived field equation, or joint satisfiability to physical nonemptiness; PR-52 stays open and PR-23 through PR-28 stay declared",This inhabitant emits no phenomenological prediction; gravitational comparison stays with the open physical attachment premises,The register returns to the uninhabited state recorded before this entry; the composed conditional theorem keeps its status.
OPH-EM-SCALED-MAXWELL-STABILITY-ACTION,"The window-action expansion has an extra remainder, a stationarity equivalence fails in either direction, the scaled balance identity has an extra term, a lower or strict-window field-energy bound fails, the exact-boundary electric-energy mode or iff threshold fails, an eigenmode history fails the scaled evolution, an explicit eigenvector identity fails, some seam field exceeds the golden bound, or an integer-table decision check is false","The declared kinetic term is promoted to an axiom-derived law, the step index to physical time, the nonnegative staggered form to physical energy with calibrated units, the field-energy bounds to a gauge-potential bound, or the bounded field energies to physical propagation or readout without PR-15, PR-53, and PR-54","This field-energy package emits no phenomenological prediction; stable physical propagation, readout, and comparison stay open under PR-53","Only the scaled-action and stability layer falls. The unit-step conditional identities, the static local face action, the Coulomb-Green receipts, and every physical propagation, source, or readout attachment retain their separately stated scopes."
OPH-GEOMETRY-COMMON-WORLD-INSTRUMENT-JOIN,"A certified bundle has Courant constant below 5 or unit step, the Lueders diagonal channel differs from the diagonal pinching at some matrix, the swap-twisted instrument satisfies the pinching identity at the run state, the step clock fails its exponential or period law, step events are causally unordered, a zero or negative step fails to break its clause, the reference law differs from the run-state diagonal, or the extended record is uninhabited","The declared step duration is promoted to physical time, the instrument join to observer readout, the first-law join to a physical horizon, or the four joins to a closed common world; PR-15, PR-52, PR-53, PR-54, PR-64, and PR-65 stay open and OL-N1 stays owed",This witness emits no phenomenological prediction; a common-world comparison stays with the open attachment premises,"Only the four joins and their extended witness fall. The bridged witness, the scaled stability packet, the Lueders instrument, the internal-clock packet, and the Einstein-branch inhabitant are assessed by their own claims and register rows."
OPH-QFT-COLIMIT-NORMED-COMPLETION,"The stage value set of some representative is infinite or the infimum is unattained, the seminorm depends on the representative, a seminorm law or the C*-identity fails, the kernel differs from the refinement-null kernel, the completion fails a star ring law, the isometry, or the C*-identity, a transported regional statement fails at the closures, a witness instantiation fails, or a control theorem fails","The completed algebra is promoted to a physical or Lorentzian continuum net, a vacuum state, a field operator, a Haag-Kastler or Wightman system, or a physical time-slice property; PR-52 and PR-58 stay open",This analytic layer emits no phenomenological prediction; continuum QFT comparison stays with the open attachment premises,"Only the limit-norm and completion packet falls. The committed filtered colimit, its universal property, the committed limit local algebras and their order-theoretic receipts, the committed witness and collapsing towers, and every physical time, causal, spacetime, or continuum attachment are assessed by their own claims and premise rows."
OPH-QFT-COMPLETED-COLIMIT-GNS-INTERFACE,"For a supplied positive functional the GNS action on the unit class differs from the dense source embedding, its matrix coefficient differs from the functional, normalization fails to give a unit vector, the orbit is not dense, or isotony, refinement independence, locality, or the committed Cauchy equality fails after representation","The supplied functional or unit class is promoted to a source-selected physical state or vacuum, normalization to faithfulness, the representation to an injective, irreducible, normal, Fock, or physical representation, or the represented net to a Haag-Kastler/Wightman/time-slice system without the missing hypotheses; PR-52 and PR-58 stay open",This conditional mathematical interface emits no phenomenological prediction and constructs no state-selection or comparison receipt,"Only the conditional GNS adapter and the represented-image regional statements fall. The completed colimit C*-algebra, its unrepresented completed regional algebras, their analytic laws, and all questions of state selection and physical attachment remain separately assessed."
OPH-QFT-SELECTED-STATE-GNS-ATTACHMENT,"The selected expectations fail the germ relation or stage formula, exceed the colimit norm, fail complex-linearity after completion, fail spectral-order positivity or normalization, or the committed witness GNS unit class is zero or not norm one","The coherent observer family or tower density state is promoted to a source-selected physical preparation, the GNS unit class to a vacuum, or the representation to a physical QFT without Hamiltonian dynamics, fields, spacetime, or continuum hypotheses; PR-52 and PR-58 stay open",This mathematical attachment emits no phenomenological prediction and supplies no source-selection or physical-comparison receipt,"Only the selected-state functional and its instantiated GNS attachment fall. The conditional GNS adapter for an independently supplied normalized positive functional, the completed colimit C*-algebra, its regional-algebra image laws, and every physical attachment question remain separately assessed."
OPH-QFT-FINITE-TWO-SITE-ISING-HILBERT-DYNAMICS,"The declared Hamiltonian fails self-adjointness, positivity, or idempotence; its represented action is not faithful; the explicit vector or density fails normalization, positivity, annihilation, stationarity, or zero energy; the unitary or Heisenberg laws fail; the Hamiltonian is a sum of one-site Hamiltonians; the local derivative vanishes or has the wrong exact entry; or the interaction-deletion control is not static","The declared sites are promoted to Lorentzian regions, the dimensionless Hamiltonian or real parameter to calibrated physical energy or time, the chosen degenerate ground state to a source-selected vacuum, the preserved finite commutator to microcausality, or this separate carrier to the completed-net GNS representation; PR-15, PR-52, PR-54, and PR-58 stay open",This exact finite benchmark emits no phenomenological prediction and supplies no empirical error or detector receipt,"Only the declared four-dimensional Ising benchmark and its exact control packet fall. The selected-state GNS attachment, completed colimit, structural regional net, and every physical or continuum QFT attachment are assessed separately."
OPH-QFT-SELECTED-GNS-ISING-HAMILTONIAN-COMPOSITION,"The reindexing, tower generator, two-slot regional laws, normalized selected GNS sector, finite-stage faithfulness, nonzero self-adjoint Hamiltonian with zero-energy cyclic action, unitary group or Heisenberg intertwining, nonzero response outside the represented left algebra, static deletion control, or regional state-incompatibility receipt fails","The declared regulator, slot split, density, Hamiltonian, or flow parameter is promoted to a source-produced physical net, vacuum, energy, or time; the finite slot locality is promoted to Lorentzian microcausality; or the proved selected-state incompatibility is ignored; PR-15, PR-52, PR-54, and PR-58 stay open","This finite composition emits no phenomenological prediction and supplies no calibrated detector, continuum error, RG trajectory, amplitude, or scattering receipt","Only the finite same-carrier composition and its exact positive and negative controls fall. The standalone selected-state GNS construction, standalone finite Ising benchmark, generic conditional-expectation regional-net interface, completed colimit, and every physical or continuum QFT attachment remain separately assessed."
OPH-QFT-SOURCE-HISTORY-GNS-HAMILTONIAN-ATTACHMENT,"A source count fails its density identity or strict positivity, the density is not a state, a Hamiltonian diagonal entry fails the exact path-change identity, the Hamiltonian is not positive, self-adjoint, nonzero, or non-scalar, the density and Hamiltonian fail to commute, the mean energy differs from 197/1754, the tower stores a different generator, the selected GNS sector is not normalized or faithful on the finite stage, the represented Hamiltonian or response vanishes, the Hamiltonian annihilates the cyclic unit, or a unitary, group, intertwining, or stationarity law fails","The retained post-hoc packet is promoted to a prospectively selected physical Hamiltonian; its full matrix extension or off-diagonal probe is called source produced; the cyclic unit is called a vacuum despite positive energy; or the uncalibrated one-block flow is promoted to a regional Lorentzian continuum QFT; PR-15, PR-52, PR-54, and PR-58 stay open","This finite source-counted attachment emits no phenomenological prediction and supplies no physical clock, energy unit, continuum error, scattering amplitude, or detector receipt","Only the source-history diagonal-state/action to finite selected-GNS dynamics composition falls. The retained history-law literals and variational receipts, the generic selected-state GNS construction, the separate finite Ising regional-net composition, and every physical or continuum QFT attachment remain separately assessed."
OPH-QFT-SOURCE-HISTORY-THREE-SLOT-LOCAL-GNS-DYNAMICS,"The exact history reindexing fails, an algebra inclusion or endpoint-locality theorem fails, a bond is not positive or interval-local, H differs from H01+H12, a bond expectation differs from 47/877 or 103/1754, a restricted state is not positive, normalized, or compatible under inclusion, an endpoint generator leaves its adjacent interval, or a transported GNS statement fails","The tensor history coordinates are promoted to calibrated physical time or Lorentzian regions, compatible restrictions of one global state are called source-state-preserving conditional expectations, finite first-generator locality is called a continuum causal bound, or PR-15, PR-52, PR-54, or PR-58 is treated as closed","This finite tensor-local packet emits no phenomenological prediction and supplies no physical clock, energy unit, continuum error, scattering amplitude, or detector receipt","Only the three-slot tensor-local decomposition, compatible local-state restrictions, finite propagation statements, and their selected-GNS transport fall. The predecessor source-history GNS attachment, the standalone finite two-site Ising Hilbert benchmark, and every physical, conditional-expectation, continuum, renormalization, field, particle, scattering, and detector attachment remain separately assessed."
OPH-DM-COLLAR-SATURATION,"A depth or density saturation limit, the exponential stress rate, the threshold equivalence, or the composition with the screening interface fails under the stated envelope hypotheses, or a delimitation instance fails a hypothesis it claims to satisfy, or the sparse-instance stress differs from 15/(4 pi^2)","The exponential envelope is asserted for physical collars without the conditional mixing branch, a physical record density value is asserted, or compact-source screening is claimed without the envelope hypothesis",This conditional composition emits no phenomenological prediction; the Solar-System footprint stays owned by the ambient-density proposition of the dark-sector continuation,"Only this composition falls. The screening interface, the generic dark-sector theorems, and the conditional collar-recovery claim remain separately assessed."
OPH-DM-DEEP-PROFILE-CHARACTERIZATION,"The characterization or uniqueness clause fails on a law satisfying the premise bundle, the Cauchy lemma fails, a deep-regime transfer or stated algebraic-extension identity fails, a premise-sensitivity counterexample satisfies the clause it is meant to violate, or the unit inhabitant fails a premise","Scale covariance or quadrature closure is asserted as OPH-derived, the characterized a0 is presented as source-derived, or the algebraic matching radius is promoted to a physical transition or lensing identity","A clean test requires a frozen full-likelihood comparison of the same physical observable; the current fixed-M/L SPARC RAR versus finite-radius Vflat proxy mismatch is diagnostic tension, not this theorem's falsification","Only the characterization and its transfers fall. The committed DeepProfile theorems, the SPARC comparison, and the generic dark-sector theorems remain separately assessed."
OPH-QFT-SOURCE-HISTORY-STATE-PRESERVING-RECORD-NET,"A finite conditioning identity fails for some slot subset, the full-slot map is not the identity, a wall observable is not fixed where claimed, an exact witness (94/1754, 103/1754, 197/1754, 383/415, 2/89) is wrong, an A01-bimodular source-state-preserving complex-linear map M8(C)->A01 exists, or a represented diagonal coefficient fails","The finite probability maps are promoted to an AQFT net, the fixed-target A01 obstruction is promoted to a no-go for enlarged targets, ancillas, generalized CP or non-bimodule maps, alternate states, or inclusion nets, slots are promoted to physical regions, or PR-15, PR-52, PR-54, or PR-58 is treated as closed","This finite record-conditioning packet emits no phenomenological prediction and supplies no physical clock, spacetime localization, continuum limit, scattering amplitude, or detector receipt","Only the finite record-conditioning identities, exact witnesses, fixed-target A01 obstruction, and their diagonal GNS transport fall. Enlarged targets, ancillary or boundary memory, generalized or non-bimodule CP maps, alternate states, ordinary AQFT inclusions, the three-slot decomposition, and every physical or continuum QFT attachment remain separately assessed."
OPH-EM-CERTIFIED-SCALED-STEP-INSTRUMENT,"The rational margin or strict certificate fails, a specialized receipt (positivity, conservation, balance coefficient 2/5, bounds 25/2 and 25) fails at the committed step, the general constructor or second inhabitant fails, the bundle inhabitant is static or fails an antecedent clause, or the handoff inhabitant leaves its declared band","The declared step or the handoff fields are presented as source-selected, physically calibrated, or as an executed run, or PR-15, PR-53, or PR-54 is treated as closed",No run exists and no frozen prediction is armed; any future instrument-lane execution must bind this handoff under its own preregistration before any comparison,"Only the certified-step layer and its handoff fall. The sharp Courant threshold, the scaled-action layer, and the instrument lane's separate preregistration obligations remain separately assessed."
OPH-DM-PER-CUT-COMPOSITION,"The variance-slope theorem under its premises, conditional quadrature derivation, deep-regime inhabitation, dictionary value G n^2 c, uniqueness, factor non-identifiability, or stated discrete-error boundary fails","The exact continuum count nr or coherent per-cut addition is presented as a discrete theorem or OPH-derived fact, or a numeric a0, n, or c is presented as source-derived",This model-level composition emits no phenomenological prediction; data comparison stays owned by the dark-sector continuation claim,"Only the per-cut composition and dictionary fall. The deep-profile characterization, the committed DeepProfile theorems, and the dark-sector continuation remain separately assessed."
OPH-DM-SPARSE-DEFECT-MECHANISM,"A predictor beats (1-p)/2, an exact value or the threshold equivalence fails, the sparse stress differs from 15/(16 pi^2), or the density-family limit fails","The record model is asserted as the physical collar process, or a physical record density value is claimed",No phenomenological prediction; the Solar-System and rotation-curve comparisons stay owned by the dark-sector continuation,"Only the record-model mechanism falls. The saturation composition, the generic dark-sector theorems, and the collar-scale premise's register status remain separately assessed."
OPH-DM-COLLAR-PREMISE-DERIVATION,"The compound-variance identity under the stated independence assumptions, progression rigidity under separated-density assumptions, sandwich, limit, bounded deviation, or composed dictionary constant fails","Independence or exact spacing is asserted necessary, the deletion examples are promoted to universal no-gos, the premises are asserted as OPH-derived, or a numeric s, slope, or a0 is presented as source-derived",No phenomenological prediction; weaker decorrelation and irregular-density routes are not excluded and data comparison stays owned by the dark-sector continuation claim,"Only the derivation layer falls. The per-cut composition, the deep-profile characterization, and the dark-sector continuation remain separately assessed."
OPH-DM-FINITE-CAP-GENERATOR-SPLIT,"The split identity, canonical normalization, uniqueness, non-uniqueness receipt, rescale invariance, Gibbs collar support, collar restriction, or an inhabitant's exact numbers fail","The finite receipt is asserted for the physical continuum cap generator, or the declared boost is presented as a derived modular flow",No phenomenological prediction; the localization of the physical anomalous energy stays an open dark-sector item,"Only the finite localization receipt falls. The dark-sector interface, the saturation composition, and the paper's continuum split remain separately assessed."
OPH-QUANTUM-SOURCE-BOUND-INSTRUMENT-INTERFACE,"A compatibility identity, swap-twist agreement, affine formula, 0<=t<=1 probability bound, -(3/256)t residue, or t=0 full-additivity characterization fails","The expected-frequency fixture is presented as a public outcome, freely chosen Prop or natural-number fields are presented as authenticated custody, an inhabitant is presented as source production, the affine family is called probability-valued for arbitrary real t, or it is presented as operational data","No run, authenticated export, or recorded outcome exists; future execution needs a data-bearing source/custody interface under its own preregistration","Only the placeholder-schema typing, non-authentication delimitation, and probability-bounded affine family fall. The committed instrument, data-bearing producer and custody routes, additivity boundary module, and register rows remain separately assessed."
OPH-GEOMETRY-COMMON-WORLD-MAXWELL-CLOCK-JOIN,"A same-index product projection, index-injectivity, shifted-reading exclusion, inherited causal ordering, certified bound, independently inherited conservation, or non-supply agreement fails","The formal product is presented as a physical cross-island identification or coupling, componentwise facts are presented as mutual dynamics, the step duration is presented as calibrated, or the four checklist labels are presented as exhaustive",No phenomenological prediction; the common-world gate stays open on a genuine carrier map interaction calibrated clock matter dynamics and observer readout,"Only the formal product layer falls. The independent instrumented-record and certified-step components, viable physical carrier/coupling constructions, and the common-world gate's remaining obligations are separately assessed."
OPH-DE-FIXED-CAPACITY-WLAW,"The conditional fixed-N theorem, drift identity, monotone no-phantom consequence, strict capacity-loss readback, official-chain hash/classifier, interval tangent enclosure, denominator sign, source pin, mean-value bound, independent replay, or fail-closed domain guard fails","A comparison is scored without a complete post-data freeze; a posterior fraction is called an exclusion; B1/B2/physical B3 is asserted as derived; the mathematical branch certificate is called physical selection; a tangent is extrapolated outside its certified domain; or (-1,0) compatibility is called OPH confirmation","After a direction-neutral protocol is frozen, the fixed branch fails only if (-1,0) is excluded by the declared complete rule; the monotone branch fails if no admitted history satisfies w(a)>=-1 over the scored range. Current diagnostics are retrospective and no comparison is armed","Only the w-law layer and its stance row fall. The de Sitter capacity relation, the time-advance results of the owning paper, and the frozen-prediction discipline remain separately assessed."
OPH-GW-INTEGER-K-COMB-TEMPLATE,"A divisibility or entropy-sign identity, Kerr horizon quantity, g(chi) algebra, tooth offset, corrected spin-dependent linewidth-to-spacing ratio, KMS net-response factor, detector-frame scaling identity, finite ladder bracketing, offset-subtracted ratio invariance, or verifier byte agreement fails","The integer-division rule is called source-derived, +ln k is called the signed black-hole entropy change, a nondivisor is treated as eligible, the small-transition formula is called an exact finite step, the within-line KMS factor is treated as a normalized cross-k prior, source-frame mass is mixed with observed hertz, posterior samples are treated as likelihood/evidence, the old spin-independent linewidth is reused outside Schwarzschild scope, a finite k<=12 exclusion is promoted to the unbounded family, or constant p0 is treated as controlled near extremality","Only after a source-derived transition, common strain/readout likelihood or sufficient likelihood product, detector-frame nuisance convention, normalized integer prior or explicit finite support, event selection, trials, greybody/Page normalization, no-comb reference, convergence, and thresholds are frozen may post-freeze events score the chosen submodel","Only the template instrument and its invariance layer fall. The frozen FZ-01 custody record, the erratum, and the void status of the historical alpha = 4 line remain separately assessed."
OPH-CAL-SI-ANCHOR-IMPORT,"An anchor literal differs from the SI definition, anchor uniqueness fails, a conversion or round-trip identity fails, a composition receipt fails, or the non-forcing receipt fails","The declared tick is presented as derived, or a dimensionful reading is asserted unconditionally",No phenomenological prediction; dimensionful outputs of other lanes must name their declared tick,Only the typed import layer falls. The register row's import disposition and the committed clock algebra remain separately assessed.
OPH-GEOMETRY-COMMON-WORLD-JOINT-ACTION,"The exact expansion, finite geodesic characterization, worldline uniqueness, sector equivalence, decoupling identity, -2 spatial-variation value, or calibration-nonforcing receipt fails","The formal direct sum is presented as a physical coupled action, its displayed coefficient is presented as selected relative normalization, either functional is presented as derived from OPH, or the step duration is presented as calibrated","No phenomenological prediction; the common-world gate stays open on carrier attachment, interaction, relative normalization, calibration, matter dynamics, and readout","Only the formal direct-sum and finite-geodesic layer falls. The product record, the independently committed Maxwell equivalences, and viable carrier, interaction, normalization, and calibration routes remain separately assessed."
OPH-EM-DISPERSION-ARMING-INTERFACE,"A schema projection, coefficient identity, scale-free ratio, arbitrary-label inhabitant, or ratio-only scale-nonselection theorem fails","A stipulated Prop field or natural-number token is presented as physical eligibility or custody, the permissive labels are promoted to a universal scale or lower-bound no-go, an arming premise is presented as discharged, or the frozen row's bytes are altered",The frozen dispersion prediction stays unarmed until data-bearing source attachments and every registered protocol obligation are satisfied under a post-custody contract,"Only the placeholder checklist and scoped coefficient/nonselection statements fall. The registered premise rows, source-derived scale and lower-bound routes, frozen row, custody, and committed coefficient surfaces are separately assessed."
OPH-QFT-SOURCE-CLOCK-CANDIDATE,"An overlapping-window action-incidence count, exact mean, multiplicity sum, alternative-candidate, or duration-nonforcing statement fails","The two edge incidences are called distinct events, their sum is called a physical tick stream, the calibration import is said to consume the statistic, the duration is presented as derived, or candidate selection is presented as forced",No phenomenological prediction; a source-selected periodic or otherwise operational process plus physical duration and custody remain open,"Only the histogram incidence-candidate layer falls. A source-selected physical tick process, calibration import, source-history packet, and the register row's import disposition are separately assessed."
OPH-QUANTUM-INS03-EXPORT-VALIDATOR,"A static conformance check accepts a guarded mutation, the exact 0<=E<=I or complement certificate is wrong, a committed literal differs, a producer claim is accepted, the renamed-context evasion passes, or digest recomputation fails","STATIC_COMMITTED_FIXTURE_CONFORMANT is presented as source production, a public outcome, provenance, custody, or a run; matrix-unit trace differences are required to vanish; or producer authentication is claimed implemented",No comparison and no run; every producer claim must remain PRODUCER_AUTHENTICATION_UNIMPLEMENTED until a separately frozen v2 binds independent artifacts identity configuration outcomes and custody,"Only the static-v1 validator surface falls. The placeholder binding schema, future authenticated-v2 producer/custody route, and design document remain separately assessed."
OPH-GEOMETRY-SCREEN-CARRIER-MAP-CANDIDATE,"A Gram-table, incidence, equivariance, refinement, spacelike, non-forcing, active-decoder, geometry-specific rank, event-covariance, fine-edge, or independent-replay clause fails","The minimal selector is called A5-invariant; active and passive protocols are conflated; or same-pre-event access, event selection, physical translation, calibration, or laboratory or sky readout is presented as constructed","No phenomenological prediction; the common-world gate stays open on same-state instrumentation, scale, dynamics compatibility, physical readout, interaction, and source selection",Only the candidate layer falls. The committed Gram and incidence tables and the common-world gate's remaining obligations are separately assessed.
OPH-DM-MATCHED-OBSERVABLE-DIAGNOSTIC,"The receipt fails independent byte-verification, a bulge-ambiguous galaxy survives, the synthetic fixture fails unity recovery, a mutation guard passes, or the common-set estimates, paired interval, replicate counts, or plus-one fractions are misreported","The seen-data diagnostic is presented as a preregistered likelihood verdict, causal identification of the old displacement, OPH confirmation, or the superseded mixed-proxy numbers are presented as the current comparison",A future prospectively frozen matched-covariance likelihood excludes cross-channel consistency under its calibrated observable and nuisance contract,"Only the matched diagnostic falls. The corrected mixed-proxy record, the deep-profile theorems, and the open likelihood program are separately assessed."
OPH-QUANTUM-INS03-V2-REPLAY-GATE,"A mutated transcript replays clean, the marked synthetic sample fails replay, a per-step digest recomputation disagrees on byte-identical input, or a named fail-closed error is not raised for its mutation class","TRANSCRIPT_REPLAY_VERIFIED_UNAUTHENTICATED is presented as production, provenance, custody, or a run; the proposed semantics is treated as frozen before the owner freeze; or a producer claim passes","No comparison and no run; every producer claim must stay PRODUCER_AUTHENTICATION_UNIMPLEMENTED until owner keys sign the semantics digest, transcript digest, configuration, and outcomes","Only the replay gate falls. The v1 conformance validator, the binding interface's externality theorems, and the instrument lane's obligations are separately assessed."
OPH-YM-FIBER-RATE-COMPARISON,"The rate identity c_l = lambda(r + 1/r), the 2 lambda bound or its r = 1 equality case, the product-gap eigenstructure, a computed instance gap, or the receipt tie to the committed transfer conventions fails","The finite fiber-product comparison or its symmetric-descent continuation is presented as a theorem for the committed non-product orbit law, a mass gap, an all-coupling statement, or any Clay-problem step","No phenomenological prediction; approximate tensorization for the committed non-product orbit laws, the anisotropic Wilson-to-Hamiltonian limit, refinement, and volume extension stay open","Only the finite comparison falls. The finite-transfer receipts, the Doob-transform identity, and the open quotient and continuum program are separately assessed."
OPH-GEOMETRY-CARRIER-DYNAMICS-COMPATIBILITY,"An intertwining identity misses a sign or term, a listed permutation row has no transport, a generator transport disagrees with the geometric action of its rotation matrix, the two barycentric routes disagree, the certified-step transport or an alignment-table row fails, the interaction gauge variation is nonzero, or the non-forcing inhabitants fail","A transport is identified with a physical frame change, the candidate is presented as the physical carrier, the declared interaction is presented as derived, or its free normalization is presented as selected","No phenomenological prediction; the common-world gate stays open on interaction selection, calibration, matter dynamics, and readout",Only the dynamics-compatibility layer falls. The carrier-map candidate's fidelity clauses and the committed evolution receipts are separately assessed.
OPH-DM-ROTATION-CURVE-PROFILE-LIKELIHOOD,"The receipt fails byte-verification, the synthetic fixture fails input recovery, a mutation guard passes, or a quoted objective minimum, disconnected component, residual ratio, or paired interval is misreported","The penalized objective is presented as maximum likelihood, a confidence interval, posterior, calibrated covariance result, source rejection band, intrinsic-scatter model, or OPH verdict; or the seen-data label is dropped",A future prospectively frozen likelihood with calibrated covariance scatter coverage and nuisance treatment excludes a source prediction under its declared rule,"Only the declared-convention penalized objective falls. The matched diagnostic, deep-profile theorems, and open prospectively frozen calibrated-likelihood program are separately assessed."
OPH-QFT-ENLARGED-TARGET-RECORD-EMBEDDING,"A homomorphism, injectivity, or range clause fails; the headline obstructed-versus-inhabited pair, a delimitation, the non-product proof, a preserved committed mean, or the state restriction fails","The construction is presented with net, locality, inclusion, region, or dynamics vocabulary, or the exhibited extension is presented as unique or as physical custody","No phenomenological prediction; regions, time slices, dynamics, and continuum attachment stay open on the structural field-theory row",Only the enlarged-target construction falls. The committed fixed-target obstruction and the other live alternatives are separately assessed.
OPH-YM-GAUGE-ORBIT-QUOTIENT-DESCENT,"A mask-translation, equivariance, invariance, restriction, or quotient-bound identity fails; the abstract instance eigenvalue c0 + c1, exact constant, or declared-rate value 4 fails; or the weight-symmetry characterization fails","The invariant-subspace result is presented as an orbit-space theorem, the abstract complement is presented as a physical L=1 periodic lattice, the descent condition is dropped from a quoted floor, or the finite comparison is presented as a mass-gap or Clay-problem step","No phenomenological prediction; the committed L=2,3 receipt tori, non-product orbit law, approximate-tensorization comparison, and every continuum statement stay open",Only the descent-and-restriction layer falls. The product-space fiber-rate comparison and the committed transfer receipts are separately assessed.
OPH-QFT-SOURCE-RECURRENCE-CLOCK-PRECURSOR,"The no-cycle or no-periodic-orbit theorem, the return-law normalization, Kac's identity, a quoted rational, the tick-free ratio, or a non-degeneracy or not-forced receipt fails","The recurrence is presented as a periodic clock, a return duration as a physical duration, or the ratio as carrying a tick",No phenomenological prediction; the source clock and duration row stays an import,"Only the recurrence precursor falls. The rate-bridge obstruction, the committed chain, and the calibration import are separately assessed."
OPH-GEOMETRY-CHARGE-FIXED-INTERACTION,"A seam-geometry constant, the reduction identity, a stationarity equivalence, continuity, neutrality, the fixing equivalence, the seam-crossing value, the rest lemma, or the worldline equation fails","The polarization-type coupling is presented as a Lorentz force or monopole coupling, the identification as forced, or the fixed value as a physical charge","No phenomenological prediction; the coupled-action row stays open on the identification, the coupling shape, calibration, and readout",Only the coupled-action variation falls. The interaction candidate's gauge invariance and the committed Maxwell equivalences are separately assessed.
OPH-GEOMETRY-INTERNAL-ENERGY-INERTIA-PRECURSOR,"The exact expansion, either stationarity equivalence, an agreement clause, the parabola discriminator, or the rest-frame identity fails","The conditional coefficient is presented as a derivation of the mass-energy identity, the shape as source-selected, or the ledger as a physical internal energy","No phenomenological prediction; shape selection, the source clock, and the physical attachment stay open","Only the composite-shape precursor falls. The kinematic shell, the cap first law, and the Legendre non-identifiability are separately assessed."
OPH-EM-LOCAL-ENERGY-BALANCE,"The two-face incidence fact, the face-sum identity, the flux cancellation or Poynting form, the local balance, the global recovery, or a continuity statement fails","The local law is presented as a stress tensor, a weak Ward law, a covariant object, or a same-source identification with the modular energy","No phenomenological prediction; the Einstein route stays open on momentum components, covariance, and the continuum face-balance limit",Only the local balance layer falls. The committed global energy balance and the Maxwell evolution receipts are separately assessed.
OPH-GEOMETRY-PORT-CHARGE-MINIMAL-COUPLING,"At nonzero h the hop boundary identity, continuity, total load, augmented reduction, a stationarity equivalence, the gauge identity or equivalence, the energy specialization, a bridge value, the off-endpoint exhibit, or non-forcing fails","A divided-step conclusion is asserted at h=0; the hopping charge is presented as derived from the worldline, as a physical charge, or the energy balance as a force law on the charge","No phenomenological prediction; the coupled-action row stays open on path selection, attachment, calibration, and readout","Only the hopping-charge coupling falls. The charge-fixed interaction, the window action, and the committed Maxwell equivalences are separately assessed."
OPH-GEOMETRY-COMPOSITE-MOMENTUM-COVARIANCE,"The transport identity, the boost, the exact Lorentz square, the shell equivalence, linearity, or the join fails","The kinematic selection is presented as a derivation of the mass-energy identity, or the declared family and covariance requirement as forced",No phenomenological prediction; the ledger identification and the attachment row stay open,"Only the covariance selection falls. The kinematic shell, the inertia precursor, and the Legendre non-identifiability are separately assessed."
OPH-GEOMETRY-PROPER-TIME-INTERNAL-ACTION,"A refinement identity, the invariance equivalence, the phase-increment identity, the derivative theorem, the stationarity equivalence, or a unit-window relation fails","The proper-time principle is presented as derived, or the length-form coefficient as a derivation of the mass-energy identity",No phenomenological prediction; the source clock row and the calibration import stay open,"Only the length-form selection falls. The quadratic inertia precursor, the internal clock, and the Legendre non-identifiability are separately assessed."
OPH-EM-CARRIER-MODE-OSCILLATORS,"A mode history, eigenvector check, period, window inequality, projector trace, frequency bound, small-step limit, golden identity, or commensurability ratio fails","A mode is presented as a physical oscillation, a period as a physical duration, or the step as selected",No phenomenological prediction; the source clock and light-signal rows stay open on the step and the oscillation identification,"Only the mode-oscillator layer falls. The stability window, the projector decomposition, and the recurrence clock are separately assessed."
OPH-THERMO-GIBBS-REFERENCE-ENERGY-IDENTIFICATION,"The affine law, Clausius form, a uniqueness statement, the additive-freedom equivalence, the screen instance, the boundary example, or the tick conversion fails","The Gibbs form of the record reference or the temperature is presented as derived, or the screen instance as a physical thermal state",No phenomenological prediction; the gravitation-route energy identification and the calibration import stay open on the declared clause,"Only the Gibbs reading falls. The cap first law, the four-law calibration row, and the screen field energy are separately assessed."
OPH-THERMO-MODULAR-ENERGY-ADDITIVITY,"Product additivity, the log-ratio form, the Gibbs defect, a constant identity, a sign bound, a two-point value, the composite identity, or the faithful-reference statement fails","A physical mass defect or a sign of binding energy is presented as derived, or the joint reference and interaction as source-produced",No phenomenological prediction; the calibration import and the coupled-action row stay open,"Only the additivity layer falls. The Gibbs reading, the cap first law, and the inertia precursor are separately assessed."
OPH-GEOMETRY-WORLDLINE-HOP-TRANSPORT,"The seam-vector relation, ray identity, injectivity, an endpoint value, the projection identity, the transported field equations, the clock-action formula, the timelike threshold, or non-forcing fails","The step class or the unit is presented as source-derived, or the transported charge as a physical charge",No phenomenological prediction; the coupled-action and attachment rows stay open,"Only the transport falls. The hopping-charge coupling, the charge-fixed interaction, and the carrier map candidate are separately assessed."
OPH-THERMO-COLLAR-TEMPERATURE-READING,"The Gibbs identity at one, the rescaling identity, the two-declaration inhabitant, a dictionary direction, the entropy identity, or a KMS identity fails","A collar temperature is presented as derived, or the collar weights as the record reference without declaration",No phenomenological prediction; the gravitation-route energy identification stays open on the declared clause,Only the collar reading falls. The Gibbs ledger reading and the collar states are separately assessed.
OPH-EM-CARRIER-MODE-EQUIVARIANCE,"A seam or face action, a face sign, an incidence triple, an operator commutation, a projector invariance, the evolution or energy equivariance, a composition law, an order count, or a character value fails","Irreducibility or the 3 versus 3' split is presented as a theorem, or a mode as a physical oscillation",No phenomenological prediction; the light-signal and attachment rows stay open,"Only the equivariance layer falls. The mode oscillators, the projector decomposition, and the port action are separately assessed."
OPH-GEOMETRY-TRANSPORTED-CHARGE-FORCE-LAW,"Admissibility of the varied worldline, the interaction sum, the two-site difference, a closed-variation difference, the exchange or round-trip value, the circulation form, or non-forcing fails",The variation class is presented as derived or the balance as a continuum force law on a physical charge,No phenomenological prediction; the coupled-action row stays open,"Only the force-law layer falls. The transport, the hopping-charge coupling, and the clock action are separately assessed."
OPH-GEOMETRY-SEAM-STEP-SPEED-LIMIT,"A window inequality, the incompatibility, a block identity, the rest bound, the two-rest interval, a speed statement, the supremum witness, or an independence exhibit fails","The identification is presented as derived, or the block speed as a physical signal speed",No phenomenological prediction; the source clock and light-signal rows stay open,Only the speed-limit layer falls. The stability window and the transport are separately assessed.
OPH-GEOMETRY-SOURCE-CLOCK-RATE-ALONG-WORLDLINES,"The proper-length count, the accrual difference, a refinement verdict, the uniform proper length, the dilation bounds or limit, or a reading identity fails","An accrual rule is presented as source-selected, or the return count as linked to a worldline",No phenomenological prediction; the source clock and duration row stays an import,"Only the accrual comparison falls. The proper-time module, the transport, and the recurrence clock are separately assessed."
OPH-EM-GOLDEN-SECTOR-CHARACTERS,"A projector identity, the conjugation relation, a trace, a character value, the class split, the class-function property, a norm, or an equivariance statement fails; or the PSL2F5 quotient kernel, center, relabeling, faithful descent, exact L60 image, or typed group isomorphism fails","Either later real or complex irreducibility result is attributed to the character module, or any result is promoted to an abstract A5 or icosahedral table, 2I or McKay identification, typed Golden-sector PSL2F5 transport, physical rotation, or physical oscillation claim",No phenomenological prediction; the light-signal and attachment rows stay open,"Failure of the separate PSL2F5 bridge removes only the abstract-cover interface; the projector, character, and later irreducibility results remain intact. Failure of a projector, character, or equivariance input makes this spectral row fall and requires re-audit of the later real and complex irreducibility theorems as applicable; the underlying equivariance layer is separately assessed."
OPH-GEOMETRY-PROPER-LENGTH-CLOCKED-CHAIN,"A monotonicity, increment, rest, bound, rate, return-count, refinement, join-negative, or unit statement fails","The internal unit is presented as source-selected, or the stationary mass as a trajectory measure",No phenomenological prediction; the source clock and duration row stays an import,Only the clocked construction falls. The accrual comparison and the recurrence clock are separately assessed.
OPH-EM-GOLDEN-SECTOR-IRREDUCIBILITY,"An invariance, factorization, span certificate, surjectivity, or real irreducibility statement fails","The later complex result is attributed to this real module, or either result is promoted to abstract-table or physical-rotation identification or to a physical oscillation reading",No phenomenological prediction; the light-signal and attachment rows stay open,Only the real irreducibility layer falls directly. The later complex theorem consumes its real span certificates and would require re-audit; the characters and projectors are separately assessed.
OPH-GEOMETRY-TIMELIKE-CLASS-FORCE-LAW,"A shifted-variation, in-block, stationarity, drift, momentum, Ampere-evolution, transfer, or non-forcing statement fails","The class is presented as derived, the Ampere-evolution hypotheses are dropped, or the balance is presented as a laboratory force or momentum law",No phenomenological prediction; the coupled-action row stays open,Only the in-block layer falls. The closed-variation force law and the speed limit are separately assessed.
OPH-EM-CARRIER-EVOLUTION-FLOW,"A step-matrix, conjugation, group-law, h-step, energy, shear, orthogonality, or assembled statement fails","This module's general coefficient flow is presented as faithful without nonzero independence or a quotient, the later Hilbert or full-curl results are attributed to this module, or the flow is identified with physical time or the private-algebra Stone flow",No phenomenological prediction; the quantum dynamics and source clock rows stay open,Only the flow embedding falls. The mode oscillators and the stability window are separately assessed.
OPH-QUARK-YUKAWA-TWO-MODULUS-NONIDENTIFIABILITY,"A listed structural invariant changes under centered-spread rescaling, the restricted shape-law fiber is not a free transitive two-modulus orbit, or a registered typed separator excludes every member","The current-signature audit is promoted to a theorem about every future OPH completion, the serialization artifact is called a machine proof, or a physical equivalence relation identifies different Yukawa singular values",No numeric quark prediction is licensed; a source-selected separator can reopen a positive route,"Only this current-registered-signature counterfamily or its separately granted restricted shape-fiber clause is retracted. The gauge and matter reconstruction, other flavor representations, source dynamics, orbit selectors, and stronger completions remain separately assessable."
OPH-EDGE-HEAT-KERNEL-FINITE-DIAGNOSTICS,"The script misimplements a declared finite Hamiltonian, projector, spectrum, or held-out comparison, or a displayed reproducible finite value disagrees","A symmetry-forced equality, finite residual trend, or conditional Casimir ratio is presented as a source-selected physical heat-kernel law, continuous-group validation, or absolute coupling prediction",A future receipted SU2/SU3 implementation contradicts the claimed finite diagnostic only if it also instantiates the same declared finite model,"Only these finite diagnostics and their implementation checks fall. The fixed-cutoff conditional heat-kernel algebra, exact two-dimensional Yang--Mills normalization identity, compact-gauge structural reconstruction, and any future receipted continuous-group calculation remain separately assessable."
OPH-QUANTUM-INSTRUMENT-SELECTION-BY-CERTAIN-STATES,"A Kraus-form map with projective induced effect fixing the certain states differs from the Lueders map, the Lueders map fails a hypothesis, the swap witness satisfies the invariance, or the repeatability comparison fails","The conditional selection is presented as source selection of the events, preparation, producer, readback, or custody, or certain-state invariance is presented as implemented by a source",None at this scope: no frozen prediction,"Only the selection layer falls; the committed Lueders update, the declared phase instrument, and the effect-table nondetermination witness are separately certified."
OPH-EM-SOURCED-FIELD-CONSISTENCY,"The continuity, Gauss propagation, solvability equivalence, neutrality obstruction, coupled field equations, Coulomb-started 5/12 or 5/6 control, rational sourced table, exhaustive midpoint census, route cancellation, nonzero-source clause, or timelike clause fails","The N=1 coordinatewise stationarity witness is presented as a minimum, stable or dynamically selected solution, a longer-window or continuum theorem, a calibrated physical action, or a universal no-go against other histories","None at this scope: the action, history, source, clock, and units are declared; no laboratory attachment or frozen prediction exists","Only the sourced-consistency layer falls; the committed hopping sources, the Gauss step equivalence, and the Coulomb Green identities are separately assessed."
OPH-EM-GOLDEN-SECTOR-COMPLEX-IRREDUCIBILITY,"The order-five row fails membership or its character values, or a complex span, irreducibility, intertwiner, or commutant statement fails","The module is presented as identifying the abstract group, the character table, or a physical oscillation",None at this scope: no frozen prediction,"Only the complex extension, inequivalence, and commutant row falls; the real irreducibility and character rows are separately certified."
OPH-EM-FIELD-SECTOR-ENERGY-INNER-PRODUCT,"The window characterization, an isometry, the uniqueness up to scale, the scale fixing, the complex structure, the explicit generator, the assembled reading, the static-gradient-amplitude radical characterization, the non-null gradient-velocity clause, or the degenerate-block witness fails","The later nineteen-mode instantiation is attributed to this module, or the reading is presented as physical time, a Born rule, a measurement, a physical photon Hilbert space, or the private-algebra Stone flow",None at this scope: no frozen prediction,"Only the energy inner-product layer falls; the committed flow embedding, the stability window, and the mode oscillators are separately certified."
OPH-EM-CURL-SECTOR-EIGENBASIS,"An eigenvector, orthogonality, membership, span, complement, admissibility-window, flow-extension, energy/Hermitian, selected-Hamiltonian, vector or rank-one intertwiner, energy-trace, sufficient clock-contact, duration-mismatch, global-phase, index-mismatch, or unequal-identical-rate statement fails","The principal logarithm is called unique, the sufficient calibration is called necessary, the five frequencies are called nineteen distinct frequencies, the outer product is said to retain global phase or cover M19(C), the arbitrary coefficient input is called the joined Maxwell history, or the separate M19(C) rank-one block is promoted to a source-selected public M2(C) representation or physical photon/time identification",None at this scope: no frozen prediction,"Only the basis and flow-extension layer falls; the five committed families, the flow embedding, and the stability window are separately certified."
OPH-CONS-ADAPTIVE-REPAIR-STRATIFICATION,"A canonical adaptive run changes infinitely often, a pathwise weak-fair run stabilizes at a reducible record, or a work-conserving run first becomes normal after more than the initial mismatch count","The result is presented as source selection of a scheduler, a stochastic policy, a physical update law, a clock, a rate, or an infinite-state theorem",None at this scope: no physical scheduler or prediction is supplied,"Only the adaptive-attempt stratification falls. Existing finite accepted-step termination, the declared stochastic protected profile, the two-register scheduler class, and the completed-schedule endpoint packet remain separately assessed."
OPH-CONS-ADAPTIVE-PUBLIC-ENDPOINT,"Pathwise weak fairness, completeness, and confluence hold but the stable adaptive endpoint is inconsistent, differs from canonical Repair, or maps to a different PublicWorld fixed-point object","The conditional public endpoint is presented as a source-realized physical world, a selected scheduler, or a cross-regulator physical endpoint",None at this scope: no physical realization or prediction is supplied,"Only the adaptive endpoint connection falls. The existing finite completed-schedule endpoint, canonical Repair map, and public quotient remain separately machine checked."
OPH-CONS-CUMULATIVE-ATTEMPT-CAPACITY,"Cumulative genuine changes exceed the initial mismatch rank, a pathwise weak-fair delayed normalizing family admits one uniform mismatch-only finite horizon, a bounded-waste run exceeds (q+1) times initial mismatch, or either sharp source instance violates its exact threshold","The result is presented as a new general weighted-rewriting framework, source-selected scheduler, stochastic rate, physical time, energy, bandwidth, fee, hardware quota, infinite-state theorem, or universal per-carrier mismatch lower bound","None at this scope: no physical scheduler, resource attachment, or prediction is supplied","Only the cumulative attempt-capacity classification and sharpness fall. Premise-free finite genuine-change stabilization, fairness-qualified normality, accepted-step termination, and the completed-schedule endpoint remain separately assessed."
OPH-CONS-CAPACITY-BOUNDED-PUBLIC-ENDPOINT,"Bounded waste, sufficient attempt budget, completeness, and confluence hold but no stable consistent canonical raw and public endpoint appears within budget, or provider removal leaves the consumer valid","The budgeted endpoint is presented as a source-realized physical world, selected scheduler, physical resource guarantee, or cross-regulator endpoint",None at this scope: no physical realization or prediction is supplied,"Only the capacity-bounded endpoint connection falls. The existing weak-fair adaptive endpoint, finite completed-schedule endpoint, canonical Repair map, and public quotient remain separately machine checked."
OPH-CONS-SOURCE-DERIVED-EVENT-PRECEDENCE,"An authenticated edge survives after removing parent write-membership or value-version continuity, the executed-history constructor fails to recover exactly the threaded authenticated relation or derive its append-only acyclicity witness, the generated closure violates irreflexivity, asymmetry, or minimality, an exact adapter differs from the generated order, a static score orients writer-blind mismatch, a blind repair acquires a mismatch-response edge, dependency-complete seam proposals fail to be conflict equivalent, or a separately supplied aggregator constant on conflict components gives different labels to conflict-equivalent proposals","The informational order is presented as physical signal propagation, a faithful causal embedding, a manifoldlikeness or dimension result, a count-to-volume law, a spacetime, a Lorentzian cone, or a continuum limit",None at this scope: no physical attachment or prediction is supplied,"Only the authenticated source-derived precedence package and its finite event-order adapters fall. The transactional confluence layer, exact rank-three quotient, finite one-plus-three carrier construction, and conditional physical-continuum certificate retain their separate scopes."
OPH-SEAM-MAXWELL-CONTINUUM,"A global symbol or frequency inequality fails; the exact curl-pair group is nonunitary, violates opposite-momentum reality or zero-mode behavior, fails its propagator or Duhamel estimate, or does not converge strongly for the stated same-data class; a conserved prescribed current breaks initially satisfied Gauss constraints; independent replay accepts a changed sign, normalization, source pin, omitted case or promoted physical status.",No source-history to common-domain field/readout map is constructed,No eligible physical comparison is performed,"The continuum field bridge falls. Exact finite carrier, moment, modal factorization and independently frozen dispersion claims keep their separate hypotheses. No physical confirmation or phenomenological falsification is asserted here."
OPH-SERIAL-MAXWELL-READOUT,"A restored pair or finite probe prefix differs from the input; serial decoding, typed field or action equality fails; decoded recurrence differs from the exact sourced solution; an action derivative or admissible path variation is nonzero; Gauss, Ampere, Faraday, continuity or endpoint-fixed gauge invariance fails; replay accepts omitted feedback, mixed state slices, forged writer values or parent-derived synthetic reads; the cycle counter is promoted to physical time.","No physical clock, spatial refinement or laboratory identification is constructed",No physical measurement or prospective comparison is performed,"The serial instrument or finite action integration fails. The separate active inverse, passive rank-29 result, exact finite Maxwell action, continuum field theorem on a supplied domain and frozen physical predictions retain their own hypotheses."
OPH-CONE-WHITNEY-BRIDGE,"A claimed commuting square, boundary trace, zero-flux equivalence, gauge law or homogeneous Maxwell identity fails; a coefficient or endpoint in the exact magnetic action defect is wrong; independent quadrature or any of the 68 action derivatives disagrees; replay accepts altered provenance, a missing radial/apex test, a changed mass matrix, an ordinary-current replacement, a false zero residual or an unsupported physical promotion.","No source-selected physical geometry, constitutive metric, clock or laboratory field/current identification is constructed",No physical measurement or prospective comparison is performed,"The finite cone interpolation or its numerical action certificate fails. The existing serial readout, finite counting-metric Maxwell action and supplied-domain Fourier continuum theorem retain their separate statements; no observational or phenomenological conclusion is inferred."
OPH-WHITNEY-MAXWELL-DYNAMICS,"A finite variation, recurrence, Noether, Gauss, work, uniqueness or sharp scalar-control theorem fails; the independently reconstructed Q(sqrt(5)) local factorization or signed assembly does not imply K < 24 M; any of the 68 action derivatives, gauge comparison or continuation residuals exceeds the declared tolerance; replay accepts a forged writer/value, incorrect restoration, altered metric, unprojected initial field or an unsupported claim that the numerical continuation is serially instrumented.","No source-selected physical geometry, clock, matter or quantum identification is inferred from the supplied finite mathematical model",No observed postdiction or prospective physical comparison is claimed,"The new full-volume stationary evolution, stability certificate or recorded implementation fails at the affected layer. The original serial history, its explicitly nonstationary cone interpolation, the separately supplied Fourier continuum family and frozen physical predictions retain their distinct hypotheses."
OPH-WHITNEY-RADIATIVE-QUANTUM,"Cone exactness, the 12/30 rank count, or strict constrained stiffness positivity fails; the spectral construction does not produce an exhaustive positive mass-orthonormal frame or the existing action consumer; overlap reconstruction, identity, composition, unequal-frequency blocking, polynomial Hamiltonian naturality, or a physical-sector naturality law fails; a polynomial CCR, occupation energy, quadratic Hamiltonian or Heisenberg identity fails; the factorial normalization, analytic-vector bound, diagonal self-adjoint domain or unitary-group construction is invalid; a charged history, interacting quantum model, physical Born rule or spatial limit is inferred from the free-sector theorem.","No source-selected physical geometry, clock, matter or quantum identification is inferred from the supplied finite mathematical model",No observed postdiction or prospective physical comparison is claimed,"The same-operator free radiative canonical representation or its temporal comparison fails at the affected mathematical interface. The classical finite-volume dynamics, charged-matter variational construction and separately gated physical quantum attachments retain their own hypotheses."
OPH-WHITNEY-CHARGED-MATTER,"The finite phase or face-trace law fails; the dressed field is not H1 conforming; a full shape derivative is omitted from the coupled action; the kinetic Hessian is singular for finite data under the stated assumptions; the Noether or Gauss identity has the wrong load sign; finite-time escape occurs despite the stated positive-energy bounds; or the explicit locally charged neutral data fail a Gauss equation. Treating compact link phases alone as the real connection, the vacuum edge momentum as the coupled momentum, or the free Fock sector as its interacting quantization also violates the stated scope.","No source-selected physical geometry, clock, matter or quantum identification is inferred from the supplied finite mathematical model",No observed postdiction or prospective physical comparison is claimed,"The dressed charged-scalar finite-family theorem or its particular initial-data construction fails. The classical prescribed-current volume histories, exact cone cochain extension and separately constructed free radiative Hilbert space remain distinct results. No empirical or Standard Model conclusion has been drawn."
OPH-WHITNEY-SPATIAL-CONSISTENCY,"Compatible edge samples fail to be single valued; the Whitney curl estimate, phase cancellation, time or potential derivative misses a term; a constant depends on refinement outside the declared hypotheses; independent quadrature or directional derivatives disagree; original-field path substitution or H1 point-sampling control is accepted; action consistency is promoted to trajectory or physical continuum convergence.","No physical source, clock, laboratory state or observed comparison is established by this conditional construction.",No new phenomenological prediction or eligible measured comparison is emitted.,"The nonlinear interpolation estimate or manufactured-field implementation fails at the affected layer. Fixed-mesh classical existence, gauge reduction and frozen empirical comparisons retain their separate hypotheses."
OPH-WHITNEY-INTERACTING-QUANTUM,"The vertical-velocity identity, scalar normalization, Schur minimum or constant Gauss sign fails; the mean-zero action has an unaccounted stabilizer; the uniform dressed-mass bound, metric completeness or essential self-adjointness argument fails; the operator domain or invariant core is incorrect; the residual circle does not preserve the domain; the Gaussian normalization, strong-domain membership or exact initial moments fail; fixed-mesh constants are presented as uniform spatial bounds, quadrature as an analytic proof, unique extension as unique quantization, or a chosen initial state as an executed quantum history or physical preparation. A claimed readout is not real or gauge invariant, its maximal multiplication domain or neutral reduction fails, its PVM differs from the reconstructed preimage law, or a nonsmooth detector is given the Lipschitz continuum rate without extra control. Quantum-state refinement, a charged one-point observable in the neutral sector, or physical detector calibration must not be inferred from the common configuration functions.","No physical source, clock, laboratory state or observed comparison is established by this conditional construction. Shared spectral readouts must not be promoted to a physical detector, quantum-classical state correspondence or quantum refinement limit.",No new phenomenological prediction or eligible measured comparison is emitted.,The finite interacting reduction or the declared quantization fails. The free radiative Fock construction and classical action/existence theorem retain their separate domains; no empirical prediction has been promoted.
OPH-WHITNEY-CHARGED-EXECUTION,"The oriented rotation action or fixed-space lift fails; any full residual, Gauss equation, independent time replay or readout exceeds its declared tolerance; insufficient quadrature or omitted dressing is accepted; pinned sources or declared inputs can change without detection; solver residuals are described as certified trajectory errors or the uninstrumented classical run is promoted to a quantum/observer/physical continuum history.","No physical source, clock, laboratory state or observed comparison is established by this conditional construction.",No new phenomenological prediction or eligible measured comparison is emitted.,The symmetric charged execution or its certificate fails; the analytic finite action/existence and conditional quantum/spatial theorems require separate assessment. Physical prediction rows are unaffected.
OPH-WHITNEY-REAL-CONTINUUM,"A macro-face mismatch, nonuniform shape bound, nonzero omitted gauge variation, incorrect Ritz residual or mesh-dependent stability constant invalidates the result; zero-current convergence cannot be promoted to electrically active complex matter.",No source-selected physical attachment follows from this conditional mathematical result,No empirical comparison is performed,"The stated mathematical or executable bridge fails at the affected layer. No observational rung, physical premise or prospective comparison is promoted."
OPH-WHITNEY-CHARGED-INSTRUMENT,"An event reads a nonexistent or wrong writer/value, an unused input is promoted to causal consumption, feedback fails to restore, an advance uses an unrecorded future state, or independent full-action reconstruction disagrees. A coherently rehashed substituted frame, wrong exact time, understated component bound or false continuous/physical error promotion must be rejected by the checkpoint verifier.",No source-selected physical attachment follows from this conditional mathematical result,No empirical comparison is performed,"The stated mathematical or executable bridge fails at the affected layer. No observational rung, physical premise or prospective comparison is promoted."
OPH-WHITNEY-EPHEMERIS-CLOCK,"Wrong kinetic normalization, omission of the scalar-basis derivative, a lapse sign error, nonregular/turning paths, a parameter-dependent duration, timestamp leakage or promotion of quadrature-node checks to a rigorous or calibrated physical clock invalidates the claim.",No source-selected physical attachment follows from this conditional mathematical result,No empirical comparison is performed,"The stated mathematical or executable bridge fails at the affected layer. No observational rung, physical premise or prospective comparison is promoted."
OPH-WHITNEY-QUANTUM-HISTORY,"An incorrect global metric/derivative constant, moment, energy sign or overlap inequality invalidates the bound; a noneligible time, understated error, omitted tail, false density motion or five-coordinate quantum substitution must be rejected.",No source-selected physical attachment follows from this conditional mathematical result,No empirical comparison is performed,"The stated mathematical or executable bridge fails at the affected layer. No observational rung, physical premise or prospective comparison is promoted."
OPH-WHITNEY-MAGNETIC-CONTINUUM,"Nonmatching dressed traces, a wrong phase derivative or gauge sign, failure of Whitney reproduction or Ritz coercivity, a refinement-dependent stability constant, or promotion of fixed-background scalar evolution to full Maxwell backreaction invalidates the affected conclusion.",No source-selected physical attachment follows from this conditional mathematical result,No empirical comparison is performed,"The specified mathematical or finite numerical bridge fails at the affected layer. No observational rung, physical premise or prospective comparison is promoted."
OPH-WHITNEY-QUANTUM-PACKET,"An omitted moving-gauge tangent, wrong cotangent or moment map, vanishing or misnormalized projection, removed transverse direction, incorrect half-density operator or strong-domain estimate invalidates the affected result. Classical centers cannot be identified with projected charged one-point means or with an error-controlled quantum history.",No source-selected physical attachment follows from this conditional mathematical result,No empirical comparison is performed,"The specified mathematical or finite numerical bridge fails at the affected layer. No observational rung, physical premise or prospective comparison is promoted."
OPH-WHITNEY-CHARGED-ENCLOSURE,"A wrong action coefficient, initial momentum, Schur sign, inward-rounded operation, failed strict Picard inclusion, omitted Taylor coefficient radius, invalid remainder or sample phase conversion invalidates the affected bound. Endpoints alone cannot certify the whole interval; physical time and continuum conclusions are excluded.",No source-selected physical attachment follows from this conditional mathematical result,No empirical comparison is performed,"The specified mathematical or finite numerical bridge fails at the affected layer. No observational rung, physical premise or prospective comparison is promoted."
OPH-QFT-RESTRICTION-NATURALITY,Restriction fails the naturality square despite repair compatibility and repair naturality; an authenticated edge loses region monotonicity; the instantiated diamond-to-chain square is ill-typed; or the claimed nontrivial restriction fixes the displayed projector.,No physical identification is asserted by this conditional theorem,No measured prediction is asserted,"Only the finite restriction composition or its explicit witness falls; no physical-region, continuum or time-slice conclusion is substituted."
OPH-QFT-EFFECTIVE-QUANTUM-COMPARISON,"A state and effect satisfying every stated domain, full-residual, detector and tail hypothesis violate the probability bound; the graph-norm Duhamel argument fails; or the exact two-level trajectory does not exhibit the claimed compressed-residual leakage. The tensor full-residual estimate, Gram isometry, compact-tail bound, outward arithmetic or uniform separated detector inequalities fail; a finite tensor calculation is presented as an authenticated source-selected field history. The original-vacuum covariance formula or rational bounded-effect comparison fails for the specified split action. A fixed-action detector probability violates the interval-wide Lipschitz comparison for an admissible recovered time, or timing uncertainty is replaced by an unproved state/observable error bound.",No physical identification is asserted by this conditional theorem,No measured prediction is asserted,The comparison theorem or its control falls. Self-adjointness of a separately constructed Hamiltonian and classical continuum bounds retain their independent scopes.
OPH-SCALAR-ACTION-CLOCK,Two positive duration pairs satisfy the full configuration equations with independent increment/force vectors but differ; a permitted bounded perturbation violates its duration interval; graph decoding loses an actual read or depends on timestamps; or a receipt passes with a nonzero discarded off-span residual.,No physical identification is asserted by this supplied-action inverse theorem,No external measurement or prospective prediction is asserted,The finite record/action-time reconstruction or its conditioning bound fails; unrelated causal/count limits and quantum comparisons keep their own hypotheses.
OPH-SCALAR-SPACE-TIME-DETECTOR-LIMIT,A retained spectral mode violates the amplitude/phase or original-vacuum variance bound; the minimum-gap action norm estimate fails; an admissible refined detector misses its continuum limit or pre-arrival estimate; a nearest in-window readout violates its stated probability bound; or a certificate imports q5 execution/clock data as q233 evidence.,"No native action, physical time, measured causal order or outcome identification is asserted",No external physical prediction is scored by this mathematical detector certificate,The joint time/spatial detector composition or its certificate fails. The separately established continuous-time spatial comparison and q5 clock proofs retain their own scopes.
OPH-COSMO-FLRW-RECORD-DENSITY,"The rescaled read law differs from the comoving read law for some positive profile, the layered orders differ, the interval-mass factorization or sandwich fails, the fourth-root count identity fails, or the de Sitter profile fails its derivative or density identity","The record-production profile, a physical clock, the population or a continuum limit is presented as derived from this dictionary; or the physical event density is not constant so the sigma^4 weight is not the count measure",A comoving-diamond count ratio on a physical family fails to track the scale-factor ratio under the stated small-diamond hypotheses,Only the expansion dictionary on the declared family falls; the flat causal-order and count limits of the source-record family keep their separate scope.
OPH-BH-CROSSING-READ-AREA-LAW,"The cap-volume integral, the crossing-density formula, the golden specialization or the dictionary algebra fails, or the finite crossing counts fail to approach the box-corrected prediction with the stated boundary order","The seam count is presented as a derived horizon entropy, temperature or physical Planck length without the horizon, state and calibration attachments",A physical cut entropy fails to scale with area under the nat-per-read reading on a family satisfying the read-law hypotheses,Only the area-law dictionary on the declared family falls; the finite ledger theorems and the count limits of the source-record family keep their separate scope.
OPH-COSMO-POSTDICTION-LEDGER,"A row disagrees with recomputation from the typed inputs and pinned receipts, a machine-checked bracket fails, or the verdict rule is applied inconsistently","A row is presented as a frozen prediction, a score, or evidence for or against the framework, or a shared-baseline agreement is read as support","A public value is transcribed wrongly from its cited source, or a superseding release is silently substituted for the frozen one",Only the failing row or bracket is withdrawn; the conditional theorems the rows compare and the registration proposals keep their separate scope.
OPH-GOLDEN-SOURCE-QUADRATURE,"An actual golden orbit, cell mass or assignment violates the stated quadrature; an actual generated interval or strict-pair count fails its stated limit under the explicit window and read-law hypotheses; the finite vertical volume error or endpoint discrepancy exceeds its proved bound; the geometric pair measure differs from V^2/20 for an uncut timelike diamond; or these coordinate counts are promoted to source-selected physical volume or extra operation counts without a comparison theorem.","The supplied mathematical action, population, read access or measure is presented as source-selected physical realization without an independent attachment.","No laboratory comparison, measured outcome or frozen physical prediction is asserted by this bounded mathematical claim.","The corresponding supplied-family quadrature, volume or pair-count formalization fails; separately checked generic transport and finite causal-order theorems retain their own hypotheses and scope."
OPH-SCALAR-REGIONAL-COLLAR-RECONSTRUCTION,"An admitted linear collar with ker C contained in ker B fails to recover a regional momentum, or a collar violating that inclusion recovers all original regional Weyl families; a claimed rank factorization, missing-row perturbation or common-unitary shear fails; or classical trace access is silently treated as quantum Weyl access.","The supplied mathematical action, population, read access or measure is presented as source-selected physical realization without an independent attachment.","No laboratory comparison, measured outcome or frozen physical prediction is asserted by this bounded mathematical claim.",The regional collar or sheared-net construction fails. The complete finite scalar evolution and its separately certified detector errors retain their own scope.
OPH-SEAM-PATH-TOMOGRAPHY,"Two distinct initial path states yield the same retained destination sample sequence; the decoder needs remote values or initial rather than changed relay states; any mean, writer, sample or cost is omitted; the exact l1 gain fails a signed sample perturbation; or finite rational storage is promoted to bounded physical precision.","The supplied mathematical action, population, read access or measure is presented as source-selected physical realization without an independent attachment.","No laboratory comparison, measured outcome or frozen physical prediction is asserted by this bounded mathematical claim.","The stated isolated-path reconstruction or receipt fails. Other routing schedules, operation classes and source-selection routes are not excluded."
OPH-CARTAN-SCALAR-CONTINUOUS-READOUT,"The full Hamiltonian force exceeds a certified box majorant, the exact continuous solution exits the chart, the selected current or signed intensity bound fails, a completed checkpoint exceeds its certified error, a parent read/write is altered, or reference preparation, whole-state, quantum or physical scope is silently strengthened.","The supplied mathematical action, population, read access or measure is presented as source-selected physical realization without an independent attachment.","No laboratory comparison, measured outcome or frozen physical prediction is asserted by this bounded mathematical claim.",The selected continuous charged readout enclosure or decoded-checkpoint comparison fails; the separate local classical reduction and historical numerical replay keep their narrower scopes.
OPH-SOURCE-FEEDBACK-VERSION-TRANSPORT,"Any hop changes a protected version, delivers the wrong version, consumes a remote scalar, omits an event or writer, fails intervention compatibility on a fixed path, adds a spurious logical ancestor, violates the sharp additive error bound, misstates the pinned census, or promotes supplied classical feedback to native quantum or physical operation.","The supplied action, operations, states, readout or reference clock is presented as source-selected physical realization without independent attachment.","No laboratory comparison, measured outcome or frozen physical prediction is asserted by this bounded mathematical claim.","The declared local-feedback compiler, semantic refinement or error certificate fails; other operation classes and the independent destructive tomography theorem retain their own scope."
OPH-SCALAR-SEQUENTIAL-INSTRUMENT,"The pointer sign gives the wrong effect, Kraus completeness or record-prefix consistency fails, the full-action commutator or cosine attenuation is wrong, any allowed ordered reference-time choice escapes its bound, a graph edge or fine-record parity factor is invalid, a parent is omitted or altered, or unconditional marginals are promoted to observed branches or native physical quantum operations. The finite pulse differs from its forced-oscillator solution, a pulse phase is incorrectly promoted beyond the GHZ code, an occupied window overlaps, a fault or baseline error is omitted, a retained response loses its certified sign, or probability closeness is promoted to an energy bound. The centered force pulse has the wrong free-evolution reference or coherent overlap factor, either branch omits its force/vacuum error, or initial-vacuum/control assumptions are hidden.","The supplied action, operations, states, readout or reference clock is presented as source-selected physical realization without independent attachment.","No laboratory comparison, measured outcome or frozen physical prediction is asserted by this bounded mathematical claim.","The repeated instrument, regional circuit or sequential comparison fails; the independently certified unmeasured same-action probabilities retain their narrower scope."
OPH-FINITE-WORK-RESPONSE-NONIDENTIFIABILITY,"The pair-mean loss identity or replay fails; the positive extensions differ on scalar states at V0, have the wrong volume derivative, or fail to realize distinct ratios; the external loss record is promoted to a native heat bath; or the result is enlarged into a no-go against additional work observables or other dynamics.","Supplied action, work convention, ensemble or model units are relabeled as source-selected physical thermodynamics without an independent realization.",No laboratory measurement or frozen physical prediction is scored by this conditional finite construction.,The stated scalar work-identifiability argument or exact replay fails. The separately supplied field-action thermodynamics and other native dynamical proposals keep their own assumptions.
OPH-GOLDEN-SCALAR-METRIC-PRESSURE,"A wrong held-fixed variable or metric scaling changes the work derivative; exact energy, stress or parent read custody fails; the full-operator Taylor remainder or a retained continuous-pressure enclosure fails; massive thermal pressure disagrees with an independently differentiated partition function; any mode or case is omitted; modified energy replaces original H; or transient ratios, finite modes, numerical thermal checks or supplied ensembles are promoted to equilibrium, bounded observer capacity, rigorous intervals or native physics.","Supplied action, work convention, ensemble or model units are relabeled as source-selected physical thermodynamics without an independent realization.",No laboratory measurement or frozen physical prediction is scored by this conditional finite construction.,"The affected scalar metric-pressure or continuous-comparison result fails. The original scalar recurrence, separate quantum readout certificates and unrelated Maxwell or native-work claims retain their independent scopes."
OPH-WHITNEY-MAXWELL-METRIC-PRESSURE,"Metric reassembly violates the Whitney scaling; virtual work or any stress component disagrees with independent quadrature; a gauge Jacobian or positive physical mode is omitted; the canonical Gibbs determinant gives different pressure; any retained Maxwell update or source parent fails replay; or field-only stress, classical Gibbs preparation and numerical residuals are promoted to complete native thermodynamics, quantum blackbody physics or rigorous trajectory bounds.","Supplied action, work convention, ensemble or model units are relabeled as source-selected physical thermodynamics without an independent realization.",No laboratory measurement or frozen physical prediction is scored by this conditional finite construction.,The affected finite-cone pressure/Gibbs integration fails. Existing finite Maxwell action/readout and unrelated scalar or work-identifiability statements retain their own assumptions.
OPH-FERMION-HYPERCHARGE-SOURCE-CURRENT,"The Cayley factor violates CAR one-body unitarity or occupied-projector normalization, the link-phase derivative differs from the recorded current, exact endpoint continuity or mean Gauss fails, a gauge copy changes invariant records, an actual writer/value is forged, or the stated positive local charge variance vanishes. The dressed sector is not invariant, a nonzero branch violates operator Gauss, the continuous state fails its Hamiltonian equation or the flux/current formulas disagree with independent CAR matrix elements.","The supplied action, state, source addresses and current cannot be bound to one physical realization with calibrated units.",No observational prediction is asserted by this finite packet.,"The finite fermionic current certificate fails. The registered representation census, earlier zero-fermion scalar action and its separate continuous-readout enclosure are assessed independently."
OPH-QUANTUM-TRIPLE-OPERATOR-JOIN,"An embedding fails its unital star laws or injectivity, the intersection exceeds or misses M13, pair images or admitted source lifts fail generation, a state restriction or normalized retraction is wrong, any adjacent transport square fails for a matrix unit, an interval composition or source pin is invalid, or source counts are promoted to physically executed coherent operators.","Source count matrices or declared permutation lifts are identified with executed coherent operations, or tensor-slot locality and finite evolved generation are promoted to physical locality or time-slice without attachment.",No physical prediction is emitted by this finite operator construction.,"Only this finite operator join and admitted-generator transport fail; the separately proved triple counted-state coupling, diagonal pushout and its obstruction, scalar instrument and physical attachment contracts retain their own scopes."
OPH-SOURCE-FULL-FAMILY-READ-ROUTING,"A regenerated primitive or consumed writer is incorrect, a full phase or metric read is omitted, an intervention changes the claimed projection, any retained counter/hash fails, or the conditional compiler is promoted to source-selected physical causality.","Supplied preparation, feedback/control, error bounds or readout are identified as source-selected physical realization; raw routing counts are promoted to a calibrated spacetime measure.",No laboratory comparison or frozen physical prediction is asserted by this conditional computational claim.,"Only the supplied full-family feedback compilation, semantic projection or receipt accounting fails; independent finite order and continuum results keep their hypotheses."
OPH-SOURCE-ROUTING-STORAGE-AND-RAW-COUNT,"A path bound fails its supplied graph identifications, two live versions alias, a mapped operation/value/owner/writer/port changes, an old retired version is silently served, an excluded storage cost is hidden, or the raw-count inequality fails.","Supplied preparation, feedback/control, error bounds or readout are identified as source-selected physical realization; raw routing counts are promoted to a calibrated spacetime measure.",No laboratory comparison or frozen physical prediction is asserted by this conditional computational claim.,"Only the stated support bound, lifetime allocation or whole-window count obstruction fails; the complete archived compiler retains its independent scope."
OPH-NATIVE-LOCAL-SINGLETON-PUBLICATION,"A feasible local observation permits an incorrect published payload, an ambiguous observation publishes, native replay or first-hit/work counts fail, an aborted history is omitted, or the supplied word reference is promoted to the source A3 cover.","Supplied preparation, feedback/control, error bounds or readout are identified as source-selected physical realization; raw routing counts are promoted to a calibrated spacetime measure.",No laboratory comparison or frozen physical prediction is asserted by this conditional computational claim.,"Only the supplied observation model, native finite read or cost certificate fails; no physical outcome or universal source selection was asserted."
OPH-NATIVE-REUSABLE-ACCUMULATION,"A valid finite request program loses a retained input, computes the wrong sum, violates the scale/work or whole-word error bound, publishes an incorrect integer, supplies a free repeated seed/reset, or treats a retired mutable answer as an immutable layer archive.","Supplied preparation, feedback/control, error bounds or readout are identified as source-selected physical realization; raw routing counts are promoted to a calibrated spacetime measure.",No laboratory comparison or frozen physical prediction is asserted by this conditional computational claim.,"Only the conditional accumulator program, preservation, cost or decoder theorem fails; other native words and the declared full-family feedback compiler retain their own scopes."
OPH-FEDERATION-LOG-GLUING-NONIDENTIFICATION,"The switched graph violates the declared port interface, degree or connectivity claims; the graphs have equal triangle counts; any source-host BFS map or queue differs; any native event, actual consumed writer or retained variant digest differs; or the log-only decoder consumes the hidden support/input specification.","A supplied finite graph or encoded population is promoted to a source-selected physical geometry, or this paired-completion result is asserted for two canonical icosphere realizations.",No laboratory comparison or frozen physical prediction is asserted by this finite graph counterexample.,"Only this finite paired-completion counterexample or its log-only recovery boundary fails; the supplied routing compiler, separate carrier-scale loop and physical selection obligations retain their own scopes."
OPH-NATIVE-CONDITIONAL-STORED-PROGRAM,"The derived compiler loses a protected logical input, overwrites a live bank version, computes or publishes the wrong integer, omits required cleanup or work, resets its error clock, violates the cumulative margin, fails its declared-bus route or finite-precision theorem, accepts an unsupported or aliased captured route, retains a stale control certificate, accelerates a nonstationary block, misstates a retained certificate, or promotes captured scalar embedding, large-family replay or physical source selection beyond the stated proof scope.","Supplied preparation, protected lifetimes, temporal control, error bounds or readout are identified as source-selected physical realization, or scalar operation counts are assigned calibrated spacetime volume or time without an attachment theorem.","No laboratory comparison, measured outcome or frozen physical prediction is asserted by this conditional finite computation.","Only the conditional stored-program construction, compiler identification, error bound or finite certificate fails; the isolated accumulator and the separate supplied six-operation routing compiler retain their own hypotheses."
OPH-TEMPORAL-NATIVE-RECOVERY,"A nonobservable meaning is accepted; a dual witness is visible or trivial; a protected checkpoint loses a required distinction; a topology-valid plan fails to identify the initial state or exceeds its bound; the guard rejects the completing word; the full proposal denominator or rejection cost is reduced; a finite certificate accepts forged rows, paths, samples, work or scope; or the mathematical interface is promoted to full-axiom selection or physical realization.","No physical identification is asserted; a purported source instantiation must supply the stated record, guard, precision and proposal interfaces without promoting this theorem.",No empirical prediction or observation rung is asserted.,"The finite temporal recovery, guard, counting theorem or retained certificate fails. The distinct stored-bank compiler and supplied geometric read-law results retain their own premises."
OPH-NATIVE-CHECKPOINT-SELECTION,"A positive selected native history fails any public record intervention; the continuation mass omits a history or the online kernel differs from the full-reference projection; a shortest path word violates the sharp bound or classification; the analytic rows or error coefficients fail; the independent verifier accepts forged masses, responses, writers, work or scope; or a supplied checkpoint interface is promoted to canonical A1--A3 selection.",No physical identification is asserted; source selection and physical realization remain separate.,No phenomenological prediction is asserted.,"The finite checkpoint construction, analytic path theorem or retained certificate fails. The prior connected recovery and protected-bank compiler keep their separate stated premises."
OPH-NATIVE-EVENTUAL-PUBLICATION,A compatible cylinder or finite marginal has the wrong mass; a native path word violates ordered-minor positivity or the permanent-rank bound; a recovered demand is excluded under the stated faithful joint model; a radius/population count or claimed limit fails; a resealed false semantic packet passes independent verification; or a declared path/meaning/reference is promoted to a full canonical M1 derivation.,No physical identification is asserted; exact prepared path and geometric alternatives are not full A1--A3 countermodels.,No laboratory prediction or observation rung is asserted.,"The eventual-publication construction, path invariant or specified selection diagnostic fails; prior finite checkpoint, protected-bank and geometric constructions retain their own scopes."
OPH-FINITE-A3-SUPPORT,A finite faithful-reference weighted local Umegaki minimizer omits support present in a feasible state; a positive scored effect violates the zero criterion or witness floor; a singular-reference state is included outside the finite-objective face; the independent verifier accepts forged matrix or process claims; or an ontic optimizer is promoted to a derived M1 instrument without a source map.,No physical identification; the channel controls do not instantiate the full axioms.,No empirical prediction or uniform continuum obstruction is asserted.,"The finite A3 support argument, quantitative bound or exact matrix control fails; the earlier native and geometric constructions keep their own stated premises."
OPH-REGISTERED-SOURCE-READ-ALGEBRA,"A native attempt or observer payload disagrees with independent replay; a skipped seam becomes a committed writer; the all-word projection, normalized rank or balanced hidden witness fails; a forged zero passes the propagator enclosure; the phase or rotation witness fails; source bytes differ from the pinned commit; or the result is promoted to full-axiom membership or M1. A Kraus/trace identity, density-ensemble obstruction, normalized kernel count, recurrence support or coarse transition bound fails; a forged trivial circulation is accepted; or an extension control is presented as the native or canonical selected process. The difference archive fails exact recovery or minimal linear dimension, a forged missing archive/branch is accepted, or average repair is equated with deterministic branch repair.",No physical identification is asserted; the specified native interface cannot be promoted to canonical A1--A3 without an independent derivation.,No empirical prediction is asserted.,The stated operation-to-read classification or its native binding fails. The separate connected scalar recovery constructions and supplied geometric read laws retain their own premises.
OPH-SPIN-EXCHANGE-SELECTION-BOUNDARY,"A symmetric doubled-mode vector vanishes, the tensor-square action fails to preserve an exchange sector, a channel-preserving single-occupation bilinear lacks the claimed CCR/CAR intertwiner, matched deterministic feedback differs, or the pinned-parent Cayley coefficients, normalized coincidence probabilities, equal one-body densities or conditional probability-error bound fail independent replay. A changed statistics sign, normalization, source pin, internal-state preparation or physical-promotion flag must be rejected.","No physical identification is asserted; source-selected preparation, exchange law and detector attachment are required for one.",No empirical prediction or experiment is asserted.,"The finite spin/exchange boundary or coincidence comparison fails. The CAR current results under their supplied statistics, the gauge Lie-type theorem and physical spin-statistics remain separately assessed."
OPH-CONDITIONAL-PAULI-SCALAR-Q-SELECTION,"The scalar-q and phase identities hold with a positive normalized vacuum but q is neither sign; a finite nonzero representation satisfies exact CCR; a lower-bounded generator admits the nonzero arbitrary-n negative ladder; q=-1 under the stated hypotheses fails square-zero or polarization; the pinned hopping negative mode, census-neutral energy sequence, CAR witness or stable double-occupancy countercontrol fails independent verification; or finite samples are promoted to the universal proof.","No physical identification is asserted; the finite observer response carrier does not itself instantiate the full mode algebra, scalar-q law or quadratic phase generator.","No measured exclusion test, empirical prediction or universal field-statistics claim is asserted.",The conditional quantization theorem or one exact control fails. The independently proved finite spin/current nonidentification and existing CAR calculations retain their respective assumptions.
OPH-CONDITIONAL-PAULI-OPERATION-SELECTION,"A finite contraction satisfying the exact quadratic unit-phase law has nonzero square; all-mode linearity fails polarization; adjoint-paired exhaustive completeness fails mixed CAR; the capped symmetric control violates its claimed covariance, phase, source-edge lift or positivity; the three-outcome effects fail completeness or their phase rescaling is wrong; the repair-count multiplicities permit the forbidden single-mode rank map; or finite controls are promoted to universal proof or physical source realization.",No physical identification is asserted; the unscaled source-operation/field equality and unit quadratic phase must be derived on the same matter carrier.,No measured Pauli observation or empirical postdiction is asserted.,The conditional operation theorem or its bounded countercontrols fail. The earlier scalar-q theorem and supplied CAR current retain their separate hypotheses.
OPH-SCALAR-SEAM-SOURCE-NONENTAILMENT,"A canonical clause requires inter-carrier record transmission or forbids the stated local chart groupoid; the full response, operational refinement or A3 membership argument fails; a remote local program distinguishes independent source labels without an added channel; or forged finite evidence passes verification.",No physical implementation or laboratory identification is asserted.,No empirical prediction is asserted.,The full-axiom non-entailment claim fails. The separately stated RG sufficiency implication and older named-source theorems retain their own hypotheses.
OPH-RECORD-GLUING-M1-SUFFICIENCY,"A source satisfying all of RG violates the derived cone, simultaneous finite preparation/read realization, native-order sandwich or count/interval/pair limits; timing or auxiliary dependencies evade the stated accounting; initial-input equality is substituted for localized intermediate intervention faithfulness; the verifier accepts forged reference histories or filtered interventions; or the conditional theorem is presented as native implementation or derivation of RG from A1--A3.",No physical implementation or laboratory identification is asserted.,No empirical prediction is asserted.,"The proposed-law sufficiency or its finite reference evidence fails. No unconditional canonical M1 derivation, simulator implementation or physical establishment is asserted."
OPH-RG-LOCAL-CLOCK-REDUCTION,"The invariant quadratic form is anisotropic, a time-faithfully refined dependency violates the cone bound, strict deadlines cannot be met despite all finite-composition premises, the clean finite-function compiler or copying channel fails exact replay, or finite algebra compatibility is promoted to full A1--A3 membership. Polyhedral clocks and coarse shortcuts are explicit controls for omitted premises.","Native source fails declared complete clock, intervention, refinement or transcript interface","Measured small-scale anisotropy, persistent coarse shortcut or bounded transcript contradicts the claimed interface",The reduction of proposed RG or its finite compatibility witness fails. Existing source-net results retain their independently supplied read laws; no core axiom amendment or physical M1 conclusion is inferred.
OPH-RG-INFORMATION-RESOURCE-BOUND,"A decoder for every independently varied input tuple is noninjective, the strict interior cube fails inclusion or counting, a bounded complete receiver transcript decodes more independent bits than its alphabet permits, or an incidence lower bound is presented as an unicast or thermodynamic lower bound.","Native source fails declared complete clock, intervention, refinement or transcript interface","Measured small-scale anisotropy, persistent coarse shortcut or bounded transcript contradicts the claimed interface",The stated resource obstruction fails. The clock/cone theorem and regulator count convergence retain their separate assumptions.
OPH-M1-SPARSE-CAUSAL-COUNT-REPLACEMENT,"A defined stencil or charged route violates its radius, endpoint, length or tube bound; generated interval or strict-pair indicators fail the stated almost-everywhere convergence; a listed radius schedule fails its vanishing-error proof; a direct consumer is omitted; or the comparison is promoted to exact finite M1/native/physical equivalence.",No physical source or observable identification is asserted; treating this mathematical comparison as one exceeds its scope.,No empirical landing is asserted; a physical application must independently identify its operations and observables.,"The corresponding sparse replacement or inventory conclusion fails; existing golden, complete-neighbor, native routing and physical source-selection results keep their original inputs and scope."
OPH-M1-CUT-OBSERVABLE-NONUNIVERSALITY,A finite cut formula or translated-box correction disagrees with full pair enumeration; the sparse/dense ratio fails to vanish; the axial-enriched density ratio fails to tend to sqrt(2); or a common scalar removes the discrepancy.,No physical source or observable identification is asserted; treating this mathematical comparison as one exceeds its scope.,No empirical landing is asserted; a physical application must independently identify its operations and observables.,The corresponding crossing-observable separation fails; the original complete-neighbor cap theorem and the separately proved sparse causal/count conclusions retain their own hypotheses.
OPH-M1-SPARSE-ACTION-AND-TICK-OBSTRUCTION,The actual stencil fails isotropy or positive boundary energy; the spatial or Duhamel error exceeds the proved bound with all smoothness and support requirements met; a positive normalized nontrivial periodic stencil satisfies centered-leapfrog stability at a/c; or exact ODE evolution is misidentified with the native layered process.,No physical source or observable identification is asserted; treating this mathematical comparison as one exceeds its scope.,No empirical landing is asserted; a physical application must independently identify its operations and observables.,The corresponding specified-action consistency bound or centered-leapfrog obstruction fails; the separate causal/count construction and original radial-kernel continuum theorem retain their own statements.
OPH-M1-ENTROPY-PRESERVING-SPARSIFICATION,"A defined route or cut violates its exact formula or proved bound; a substantial original-radius symmetric stencil thinning preserves the three leading cut counts; the naive alias multiplicity/bound is wrong; the completed positive action violates its whole-spectrum lower bound, Dirichlet min-max limit, thermal domination or smooth Weyl/causal-commutator convergence; a verifier accepts missing stabilizing weights; or fixed-q logical counts are promoted to equal-accuracy native costs or exact finite M1 equivalence.",No physical source or native instrument is asserted by the mathematical regulator comparison.,No empirical landing is asserted; a proposed application must identify its measured observables independently.,"The corresponding explicit regulator, fixed-radius lower bound or completed free spectral/thermal/quantum comparison fails; the separate S/A counterexamples and historical M1, interacting-action and native-routing contracts retain their own scope."
OPH-M1-MICROSCOPIC-CUT-OBSTRUCTION,"The exact periodic cut count is wrong, residue averaging fails for the clipped ball, cardinality correction has nonvanishing normalized cost, the axial bridge fails connectivity, or a fixed-section theorem is misrepresented as quantifying over varying microscopic partitions.",No physical implementation or identification is asserted.,No empirical prediction is asserted.,The stated obstruction to variational equivalence fails. Existing fixed-section area results and the separately proved repair retain their own definitions.
OPH-M1-VARIATIONAL-AREA-REPAIR,"The read-derived translation or BV bounds fail, the lower bound requires an unstated convergence rate, binary exact-volume recovery has nonvanishing error, bounded-energy sequences fail compactness on the explicit schedule, minima fail convergence, or physical horizon selection is inferred from the declared cut problem.",No physical implementation or identification is asserted.,No empirical prediction is asserted.,"The variational repair or its minimizer conclusion fails. The fixed-section law, raw cut counterexample and separately established source-law boundaries are not promoted or discharged."
OPH-M1-UNIFORM-ACTION-SPECTRAL-THRESHOLD,"The uniform ball-symbol bound fails anywhere in the Brillouin zone, alias multiplicities or second moments are incorrect, high-frequency tails invalidate the full thermal limits, Dirichlet compactness or recovery fails, a substituted clipped graph Laplacian passes the boundary-energy check, the uniform action needs an unreported coupling, or exact ODE convergence is promoted to native one-tick execution.",No physical implementation or identification is asserted.,No empirical prediction is asserted.,"The spectral classification or uniform-action completion fails. The crossing statistic remains a separate observable, and no source-derived matter or gravitational dynamics is established."
OPH-M1-GLOBAL-VACUUM-FIDELITY,"The exact Gaussian formula, nonzero squeezing coefficient, stability bounds, real-mode multiplicity or time-average lower bound fails; a modified reference vacuum is silently substituted; or the bounded-input effect theorem is promoted to an unrestricted channel norm bound.","No native source, physical clock or finite-algebra quantum implementation is asserted.",No empirical prediction is asserted.,The global quantum-fidelity theorem fails. Existing finite original-vacuum probabilities and physical source/clock premises remain independently scoped.
OPH-M1-SPARSE-QUANTUM-TICK-REPAIR,"Degree or second-moment asymptotics are wrong, the explicit tick leaves the proved stability domain, total energy fails to vanish, signed stages or current writer reads are omitted, matched-cost exponents fail, or computational substeps are represented as source-derived faster physical reads.","No native source, physical clock or finite-algebra quantum implementation is asserted.",No empirical prediction is asserted.,"The explicit global fidelity repair or its cost comparison fails. No physical clock, all-level A1--A3 source or native twelve-port quantum implementation is asserted."
OPH-M1-POLYNOMIAL-VACUUM-OBSTRUCTION,"A nontrivial real polynomial solution exists despite the spectral-cardinality premise, a declared family has bounded distinct spectra, or the conclusion is extended to an operation grammar outside scalar polynomial action updates.","No native source, physical clock or finite-algebra quantum implementation is asserted.",No empirical prediction is asserted.,The stated exact-preservation obstruction fails. The explicit approximate repair and its independent error bounds retain their own proof obligations.
OPH-M1-SPLIT-SIGNAL-CLOCK-OBSTRUCTION,"The extreme coefficient vanishes, a lower-degree or wrapped path invalidates its uniqueness under the stated bound, the bounded effect cannot distinguish the declared intervention, or the timing exclusion is extended to other operation grammars or only approximate restricted-observer notions of influence.","No native source, physical clock or finite-algebra quantum implementation is asserted.",No empirical prediction is asserted.,The attained-front or simulation-clock obstruction fails. The separately established global original-vacuum fidelity repair and existing LC implication retain their own definitions.
OPH-M1-QUANTUM-VELOCITY-BUDGET,"A differentiated flight word violates the positive velocity resolution, a bounded-speed resolution has nuclear norm greater than c, the singular-axis construction fails to attain a claimed untilted matrix, or uncharged intermediate motion is used to claim saturation.","No microscopic source admission, shared physical clock or thermodynamic calibration is asserted.",No empirical prediction is asserted.,The complete velocity characterization or its shared-speed consequence fails. No A1--A3 source admission or physical adoption of the declared grammar is asserted.
OPH-M1-CHARGED-WEYL-SPECTRAL-LIMIT,"A zero or pi cone is missing, the native period or error bound is wrong, global coercivity or thermal domination fails, the vacuum or energy reference changes mid-comparison, or fermionic signless evolution passes the independent exterior-power checker.","No microscopic source admission, shared physical clock or thermodynamic calibration is asserted.",No empirical prediction is asserted.,"The explicit optimal process, complete spectral limit or finite execution evidence fails. No single-species limit, interacting-field theory, bounded-strength refinement or physical quasienergy calibration is asserted."
OPH-M1-FINITE-HAMILTONIAN-DELAY-OBSTRUCTION,"A finite interacting Hamiltonian satisfies the stated complete positive-delay condition, the local-algebra argument fails, the 256 coefficient is incorrect, or the claimed local preparation has zero response.","No microscopic source admission, shared physical clock or thermodynamic calibration is asserted.",No empirical prediction is asserted.,"The declared finite Hamiltonian timing exclusion or witness fails. Approximate cones, moving modes and continuum fields retain their separate definitions."
OPH-M1-COHERENT-VELOCITY-SEPARATION,"A different covariant real-linear two-component velocity map exists under the stated module attachment, the current or propagation bound fails, or luminal Pauli velocities have the prohibited positive bounded-speed resolution.","No microscopic source admission, shared physical clock or thermodynamic calibration is asserted.",No empirical prediction is asserted.,"The stated representation or coherent separation fails. The operational module attachment, microscopic source generator, physical time and refining local instruments are supplied boundaries, not discharged premises."
OPH-M1-FINITE-STENCIL-CLOCK-BOUND,"A finite-range unitary violates the directional Loewner bound, its compressed velocity ellipsoid lies outside the displacement hull, or a fixed-N bounded-speed sequence has M approaching c times an orthogonal matrix and tilt approaching zero.","No microscopic source admission, shared physical clock or thermodynamic calibration is asserted.",No empirical prediction is asserted.,The finite-stencil exclusion or angular resource bound fails. The stronger positively timed flight bound is independently proved; growing-stencil existence and microscopic source admission are not asserted.
OPH-M1-MINIMAL-TETRAHEDRAL-TRANSPORT,"A saturating untilted flight resolution is not a weighted two-design, fewer than four outcomes suffice, a four-outcome optimizer is not tetrahedral, the conference coin or Pauli band identities fail, or omitted high bands are needed to obtain a claimed thermal result.","No microscopic source admission, shared physical clock or thermodynamic calibration is asserted.",No empirical prediction is asserted.,"The saturation classification, minimal tetrahedral process or complete spectral limit fails. This would not establish a twelve-port source realization or erase the independent native-time velocity inequality."
OPH-COSMO-VACUUM-ENSEMBLE-CLASSIFICATION,"A normal-form retraction induces a non-idempotent map on laws, the fiber-sum identity fails to give pushforward compatibility, or a connected source Euclidean slab yields a Hamiltonian, semigroup, ground state, or Doob kernel without the stated properties","A stationary sampler, seed noise, repair jitter, or a conventional reference ensemble is presented as an OPH physical vacuum without source Euclidean slab data derived independently of the target law, or without reflection positivity and transfer refinement compatibility",This classification emits no phenomenological prediction; primordial and structure-formation comparisons stay with the screen-spectrum branch and the data-likelihood contracts,"Only the finite quotient ensemble vacuum classification and its acceptance conditions fall; the Whitney and golden-population matter and state theorems, the record-density expansion dictionary, and the screen-spectrum branch keep their separate scope."
OPH-COSMO-BOLTZMANN-TRANSPORT-REDUCTION,"A branch satisfying every supplied premise fails the null-geodesic Liouville transport with commit-supported collisions, the Thomson functional with the displayed cross-section, or the standard hierarchy, acoustic, diffusion, and line-of-sight forms at zero declared corrections","The supplied geometry, photon pole, electron mass, or recombination history is presented as derived, or the reduction is presented as certifying an initial spectrum, Thomson normalization, or likelihood","An independent hierarchy implementation with identical inputs misses the CAMB temperature and polarization spectra at the stated tolerances, or a receipt-complete branch with both declared channels at zero departs from standard transport","Only the conditional transport reduction and its two declared channel interfaces fall; the screen-spectrum, capacity, and record-density results and the standard plasma physics the reduction reproduces keep their separate scope."
OPH-SM-BARYON-DIMENSION-SIX-CENSUS,"A four-field multiset passing the exact tests inside the declared grammar is absent from the admitted list, an admitted class has vanishing contraction span, the global contraction rank differs from four, or an admitted row violates Delta B = Delta L","The declared baryon and lepton labels or the finite grammar is presented as source-derived, or the census is attached to a physical proton state and effective action without source-selected Wilson coefficients, QCD matrix elements, and decay readout","A promoted claim treats the census as proton stability, a proton lifetime, or a decay prediction; the census supplies no such observable","Only the conditional dimension-six census and its exact contraction certificate are reopened. The product-adjoint X/Y-channel exclusion, the matter-table selection, and every physical proton, Wilson-coefficient, or lifetime claim are assessed by their own claims and premises."
OPH-GAUGE-EXTERIOR-SM-WITNESS,As the primary row for this claim,As the primary row for this claim,A confirmed elementary state on the realized low-energy branch has electric or hypercharge quantum numbers outside the derived quotient lattice; that result is a physical kill of the realized charge-quantization branch and leaves the finite certificate theorem standing.,The exterior representation route falls. The abstract A5 coefficient bracket and unrelated consensus or gravity branches survive.
OPH-SCREEN-GLOBAL-FORM-CHARACTER-DESCENT,As the primary row for this claim,As the primary row for this claim,A confirmed elementary state on the realized low-energy branch has electric or hypercharge quantum numbers outside the derived quotient lattice; that result is a physical kill of the realized charge-quantization branch and leaves the finite character-descent theorem standing.,"Only the finite character-descent bookkeeping falls. The Z6 kernel receipts, the exterior selection scan, the four-quotient menu, and the registered rows PR-35, PR-46, and PR-59 are assessed by their own claims and premises."
OPH-SCREEN-A5-SM-RECOGNITION,As the primary row for this claim,As the primary row for this claim,A confirmed light Standard Model color carrier requires a fundamental color multiplicity other than three on the claimed realized branch; that result is a physical kill of the realized N_c = 3 branch and leaves the finite theorem standing.,"The affected A1/A2 Lie-type theorem or the named conditional source, matter, global-form, and family layer falls. The independent D7-D9 categorical route and unrelated consensus or gravity branches are separately assessable."
OPH-SCREEN-A5-SM-RECOGNITION,As the primary row for this claim,As the primary row for this claim,A confirmed fourth light chiral Standard Model generation satisfies the same low-energy branch conditions; that result is a physical kill of the declared three-generation table behind the conditional rank-45 family layer on the realized branch and leaves the finite theorem standing.,"The affected A1/A2 Lie-type theorem or the named conditional source, matter, global-form, and family layer falls. The independent D7-D9 categorical route and unrelated consensus or gravity branches are separately assessable."
OPH-QUARK-YUKAWA-TWO-MODULUS-NONIDENTIFIABILITY,As the primary row for this claim,As the primary row for this claim,A confirmed fourth light chiral Standard Model generation satisfies the same low-energy branch conditions; that result is a physical kill of the realized branch carrying the three-generation package and leaves the finite counterfamily theorem standing.,"Only this current-registered-signature counterfamily or its separately granted restricted shape-fiber clause is retracted. The gauge and matter reconstruction, other flavor representations, source dynamics, orbit selectors, and stronger completions remain separately assessable."
OPH-SCREEN-ELECTROWEAK-BREAKING-COMPOSITION,As the primary row for this claim,As the primary row for this claim,The observed low-energy branch requires an additional elementary Higgs multiplet while satisfying the same declared-branch premises; that result is a physical kill of the declared one-Higgs completion on the realized branch and leaves the finite composition theorem standing.,"Only the composed electroweak-breaking inhabitant falls. The gauge-structure composition, the exterior selection, the index dictionary, and every physical Higgs, mass, or action claim are assessed by their own claims and premises."
OPH-GAUGE-EXTERIOR-SM-WITNESS,As the primary row for this claim,As the primary row for this claim,The observed low-energy branch requires an additional elementary Higgs multiplet while satisfying the same declared-branch premises; that result is a physical kill of the declared one-Higgs completion on the realized branch and leaves the finite certificate theorem standing.,The exterior representation route falls. The abstract A5 coefficient bracket and unrelated consensus or gravity branches survive.
OPH-NATIVE-REPAIR-HISTORY-SOURCE,"A connected fixed-occupancy fair-attempt chain violates stationarity, the density drift, covariance or marked-event bracket under the stated normalization; a witness is promoted to a general machine-checked CLT. A load-only repair changes the supplied geometry, the exact equal-diagonal/different-separation covariance witness fails, or within-carrier covariance is promoted to coupled-federation or physical curvature power.",No physical identification is asserted by this scoped row.,No independently measured cosmological target is predicted by this scoped row.,The stated native repair history source conclusion fails on its declared domain; no unrelated physical branch is thereby established or refuted.
OPH-SETTLEMENT-SCALE-TRANSFER,An independently reconstructed statistic from the retained sufficient statistics or a terminal-state cross-pin disagrees; unequal-bin weighting or clamping creates the reported scale response.,No physical identification is asserted by this scoped row.,No independently measured cosmological target is predicted by this scoped row.,The stated settlement scale transfer conclusion fails on its declared domain; no unrelated physical branch is thereby established or refuted.
OPH-NATIVE-PORT-TRANSPORT-CONTROLS,"Resolved mode residuals fail, independent assembly differs from the pinned port operator, or the reduction comparison uses inconsistent normalizations.",No physical identification is asserted by this scoped row.,No independently measured cosmological target is predicted by this scoped row.,The stated native port transport controls conclusion fails on its declared domain; no unrelated physical branch is thereby established or refuted.
OPH-REFINEMENT-ABSOLUTE-INNOVATION,"Seed replay or the independent retained parent-variance anchors fail, a reconstructed covariance is not positive semidefinite, or the nested covariance identity fails under its projection assumptions.",No physical identification is asserted by this scoped row.,No independently measured cosmological target is predicted by this scoped row.,The stated refinement absolute innovation conclusion fails on its declared domain; no unrelated physical branch is thereby established or refuted.
OPH-LAYERED-OBSERVER-CLOCK-CONTROLS,"A layered self-waiting graph violates the maximum-chain bound, a rational layer sum violates the parity expression, the retained all-case comparison fails independent replay, or the finite FLRW polynomial integrals give equal clock ratios.",No physical identification is asserted by this scoped row.,No independently measured cosmological target is predicted by this scoped row.,The stated layered observer clock controls conclusion fails on its declared domain; no unrelated physical branch is thereby established or refuted.
OPH-GOLDEN-FIXED-MODE-FOURIER,Direct finite Fourier summation disagrees with the factorization or a fixed nonzero mode violates the stated Fibonacci asymptotic after its hypotheses are enforced.,No physical identification is asserted by this scoped row.,No independently measured cosmological target is predicted by this scoped row.,The stated golden fixed mode fourier conclusion fails on its declared domain; no unrelated physical branch is thereby established or refuted.
OPH-COMMON-BULK-LOG-COVARIANCE,"Compatible unbounded restrictions admit unequal logarithmic coefficients under the regularity assumptions, or the explicit counterexample loses positivity or changes the unit-sphere covariance.",No physical identification is asserted by this scoped row.,No independently measured cosmological target is predicted by this scoped row.,The stated common bulk log covariance conclusion fails on its declared domain; no unrelated physical branch is thereby established or refuted.
OPH-COMMON-HISTORY-FEEDBACK-PACKET,"An independently replayed consumed writer or restoration differs, a causal-held intervention changes a supposedly held channel, an allowed fault escapes the declared total bound, or the useful response margin fails anywhere in the stated time interval.","No physical realization is asserted; the stated action, operations, calibration and constitutive identifications remain explicit inputs or boundaries.",No external measurement or cosmological target is predicted by this conditional finite construction.,This common-history classical feedback certificate fails; separately verified source-action and quantum-instrument constructions retain their own scopes.
OPH-SOURCE-ACTION-MEASURE-IDENTIFICATION,"A connected consistent response graph has two distinct normalized positive symmetrizers, an edge-ratio or authenticated record replay fails, the finite count enclosure misses its action measure, or conditional kinetic weights are promoted to physical metric volume without the specified constitutive bridge.","No physical realization is asserted; the stated action, operations, calibration and constitutive identifications remain explicit inputs or boundaries.",No external measurement or cosmological target is predicted by this conditional finite construction.,The operator-measure identification or its finite density controls fail; independently supplied action and causal-order constructions are not thereby identified or refuted as physical spacetime.
