claim_id,closest_prior_work,exact_overlap,imported_step,oph_specific_delta,novelty_type,owner_theorem_or_section,falsifier
OPH-SM-Q1-LOCAL-G6,"Finite lattice gauge theory and the Standard Model action","Gauge covariance and invariant contractions are standard","Finite gauge-invariance proof","Typed QFT-Q1 contract with OPH source-selection boundary","typed_qft_landing_contract","QFT-Q1--QFT-Q4 implications and W/Z landing","A declared covariant local term fails exact G6 invariance"
OPH-SM-Q2E-CHIRAL-MEASURE-CRITERION,"Ginsparg-Wilson fermions and determinant-line formulations","The determinant-line obstruction is standard","Equivariant section/measure equivalence","Separates anomaly arithmetic from construction of the full-G6 finite chiral measure","typed_qft_landing_contract","QFT-Q2-E equivariant determinant-line criterion","The stated equivariant equivalence fails"
OPH-SM-Q2H-POSITIVE-HAMILTONIAN-SOUNDNESS,"Hamiltonian lattice gauge theory and constrained quantization","Spectral and variance arguments are standard","Finite constrained spectral theory","Fail-closed noncollapse and separately receipted chirality/refinement contract","typed_qft_landing_contract","QFT-Q2-H finite Hamiltonian soundness","A complete packet has no nonvacuum physical excitation"
OPH-SM-Q3-BV-RESTORATION,"Algebraic renormalization and BV/BRST cohomology","Order-by-order restoration is standard under stability and anomaly clearance","Quantum action principle and cohomological induction","Places formal QFT-Q3 parallel to QFT-Q2 and exposes every OPH producer","typed_qft_landing_contract","Formal QFT-Q3 Slavnov--Taylor restoration","An uncancellable breaking remains under all premises"
OPH-SM-Q4-OS-OBSERVABLE-SECTOR,"Osterwalder-Schrader reconstruction","OS reconstruction is imported","OS theorem","Separates the full chiral G6 observable tower from the bosonic compact-gauge branch and QFT-Q3","typed_qft_landing_contract","QFT-Q4 OS observable-sector theorem","A complete OS tower fails reconstruction"
OPH-SM-Q4-RESONANCE-CONTINUATION,"Analytic S-matrix and resonance-pole theory","Simple holomorphic poles and Laurent coefficients are standard","Holomorphic implicit-function and Laurent theory","Requires a physical-current numerator and sheet after OS instead of promoting a determinant zero","typed_qft_landing_contract","QFT-Q4 resonance continuation","A simple zero with nonzero numerator lacks the asserted Laurent pole"
OPH-SYN-FORMAL-BASIS,"AQFT, quantum information, operational observer frameworks","Algebras, states, records, and channels are standard ingredients","Finite/regulatory algebra and probability language","Observer-facing patch federation with repair and checkpoint structure, with carrier architecture represented only through its declared observer-visible signature","formal_construction","Observers front matter","A top-level theorem depends on hidden carrier data outside the declared signature"
OPH-OBS-PATCH-DEF,"Operational quantum systems, finite channel models, holographic code models","Interfaces, records, restrictions, and realizations have prior analogues","Finite algebra, regional-net, and channel-interface language","Separates carrier cells, observer supports, and support charts; then makes the seventh shared-evidence clause exact on a fixed cut with distinct owners, a proper meet, unequal local representatives, a nonzero common restriction accessible to both, an E6 two-owner consumer, and a mutation control","typed_definition_with_exact_fixed_regulator_overlap_receipt","Observers and consensus papers plus OperationalObserver and OperationalOverlapEvidence Lean modules","A declared clause fails, the overlap witness is vacuous or equal before restriction, the common section is not accessible to both, the mutation passes, or the E6 consumer fails"
OPH-CARRIER-PRESENTATION-INVARIANCE,"Operational equivalence, quotient systems, and implementation invariance","Relabeling and realization invariance are standard when all observables factor through the quotient","Equivariance, quotient invariance, and operational equivalence","Makes OPH presentation-invariant but carrier-architecture-sensitive by treating ports, incidence, responses, repairs, clocks, and refinement as potentially visible structure","typed_invariance_and_architecture_sensitivity_contract","Unified spine and screen-microphysics semantics","A protected output changes under a full-signature isomorphism or different signatures are identified without a map"
OPH-CONS-D1,"Newman's lemma, rewriting systems, distributed consistency, recovery maps","Termination and confluence tools are imported","Lyapunov descent and local-diamond reasoning","Recovery-derived overlap repair with holonomy obstruction and refinement compatibility","theorem_package","Consensus paper fixed-cutoff theorem stack","Nonconfluent terminal normal forms under the stated clauses"
OPH-CONS-BFT-PREPARED-LOCK,"Partially synchronous Byzantine consensus, PBFT/QBFT certificates, locks, and view change","Quorum intersection, prepared locking, fair pacemakers, and partial-synchrony progress have established precedents","Authenticated quorum-certificate algebra and direct partial-synchrony protocol reasoning","Types the exact observer-facing certificate, lock, monotone-view, validation, and progress contract, proves its conditional safety and stabilized-view liveness bound directly, and binds finite adversarial traces without promoting generic overlap confluence to BFT","typed_protocol_extension_and_finite_receipt","Consensus Appendix B prepared-lock theorem and executable receipt","Two conflicting valid decisions occur under all declared safety rules, a stabilized-view liveness bound fails under the complete progress contract, or a removed-premise negative trace is rejected"
OPH-CONS-REFINEMENT-MODULI,"Stability moduli, metric subregularity, approximate inverse systems, and telescoping bounds","Triangle-inequality telescopes, uniform continuity on compacta, and Cauchy completeness are standard","Metric telescoping, inverse/residual moduli, and completeness","Separates finite-stage normalizer defects, family-uniform conditioning, solver receipts, compatible projective inputs, and cofinal tails, with finite descriptions of parametric infinite counterfamilies for every removed premise","quantitative_certificate_architecture","Observable normal-forms uniform-family and refinement sections plus executable receipt","A declared tower violates the telescope or a uniform/cofinal conclusion survives removal of its named modulus, tail, completeness, compatibility, or vanishing-error premise"
OPH-CONS-PROTECTED-BEHAVIOR-PROFILE,"Finite Markov first-hit theory, qualitative reachability, closed classes, strong lumpability, and product preorders","First-hit expansion, positive-support paths, finite closed-class reachability, least Bellman fixed points, strong lumpability, set partitions, and coordinatewise preorders are standard","Finite Markov path and closed-class arguments, strong lumpability pushforward, and elementary set/order theory","Assembles the standard ingredients around protected observations and declared active sources, separates four failure modes, recovers the existing OPH behavior cuts through explicit supported traces, and transports the complete source/target/observation/kernel/quotient packet","protected_observation_first_hit_certificate_architecture","Observable normal-forms protected-behavior first-hit profile, exact behavior-cut recovery, and exact finite-state transport","A finite fixture violates nesting or partition, a recovered cut disagrees with the profile, an exact morphism changes a layer or endpoint quotient, or a named premise-removal mutation passes"
OPH-GR-PORT-RESPONSE-COMPLETION,"Spectral graph diffusion, incidence homology, root lattices, finite-group isometries, and metric completion of dense arithmetic modules","Finite spectral decomposition, graph-boundary images, Euclidean Gram quotients, finite group actions, and completion of dense subgroups are standard","Finite-dimensional spectral theory, exact integer incidence algebra, irrationality of the golden ratio, and metric completion","Derives the signed source-load quotient and exact D6 seam-current sublattice, constructs the intrinsic rank-three Gram from the declared repair response before coordinates, and proves the faithful proper-carrier action while keeping physical position, pathwise descent, scale refinement, and gluing as separate premises","exact_source_load_and_seam_quotient_repair_response_completion_and_action","Spacetime and Einstein port-record metric completion theorem","The source-load quotient or D6 seam image fails, the declared response fails its exact band decomposition or limit, the real quotient is not rank three, the integer image is not dense, the proper action is not faithful and isometric, or physical space is asserted without the position and topology premises"
OPH-GR-D2-COLLAR-RECOVERY,"Quantum Gibbs-state mixing, conditional mutual information, approximate quantum Markov chains, Fawzi-Renner recovery","Finite-range Gibbs families, conditional/matrix mixing premises, and recovery from small CMI have prior analogues","Strong subadditivity, trace/operator-norm duality, and Fawzi-Renner recovery","OPH makes the boundary prefactor and constants explicit, separates strong conditional mixing from ordinary clustering, states the sharp boundary-aware scaling rate, preserves the exact central-interface specialization, and emits a finite receipt contract","conditional_recoverability_theorem_and_receipt_contract","Spacetime and Einstein D2 collar-recoverability theorem","Bound fails under its full hypotheses, ordinary clustering is silently substituted for matrix mixing, or the boundary-aware rate is omitted"
OPH-GR-D3-CAP-H3,"Projective null-cone geometry, PSL(2,C) Lorentz isomorphism, hyperboloid H3 model","Standard celestial-sphere, cap-normal, and hyperbolic half-space geometry is imported","Projective future-null-cone, de Sitter cap-normal, and hyperboloid geometry","Places the standard geometry inside a BW branch that explicitly consumes FiniteCapBWCertificate plus an independent complete MGNS-1 certificate on the same tower, with non-populated-bulk/no-cap-point firewalls","standard_geometry_integrated_into_OPH_branch","Spacetime and Einstein cap-normal H3 theorem","Wrong cap geometry, absent same-tower FiniteCapBWCertificate or MGNS-1, failed Lorentz equivariance, or cap normal treated as H3 point"
OPH-GR-D3-H3-LOCALIZATION,"Inverse problems on hyperbolic space, finite frames, residual minimization","Halfspace separation, finite frame conditioning, compact epsilon nets, and noise-stability estimates are standard","Finite-frame inverse stability and residual localization bounds","OPH ties the inverse theorem to record-conditioned modular cap responses and receipt-gated H3 localization balls while forbidding species/stress/neutral-bulk promotion","conditional_record_population_theorem","Spacetime and Einstein record-populated H3 localization theorem","No compact source domain, no positive alpha, unbounded errors, or unique finite point emitted with Delta_loc<=0"
OPH-GR-D5,"Jacobson 1995, Jacobson 2016, BW modular theory","Entropy-to-Einstein route and modular tools are imported","Jacobson-type small-ball and tensor-upgrade machinery","Support-visible modular cap extraction, conditional boundary-aware collar recovery (or exact central-interface specialization), remainders, observer-overlap directions","application_and_extension","Spacetime and Einstein gravity branch","No support-visible modular limit, failed collar rate/remainder, or failed tensor upgrade"
OPH-GR-D6-CAPACITY,"Zero-error channel codes, finite record gluing, monotone finite maps, and finite-size transfer methods","Finite commutative algebra, confusability graphs, rank bounds, total variation, and order iteration are imported","Finite coding and order-theoretic capacity tools","Set-valued correctable public-record capacity from record atoms and global joint checkpoints, with typed terminal-fiber, carrier, extension, refinement, and exact slack-zero counterfamily receipts","conditional_direct_capacity_theorem_package","Observers synthesis capacity branch","A stated graph-capacity, carrier, saturation, TV-robustness, whole-fiber, order, or no-new-confusability implication fails under its premises"
OPH-COSMO-SCREEN-SPECTRUM,"Gaussian fields on the sphere, conformal fractional Laplacians, primordial power spectra, spherical Bessel projection, and spherical Hankel inversion","The gamma-ratio operator, MaxEnt covariance, shell restriction, and radial tomography use standard analysis","Relative-entropy maximization, continuous semigroups, harmonic functional calculus, the complete one-shell kernel theorem, a scale-natural source embedding, and spherical Hankel inversion","OPH ties the screen scalar, amplitude, infinitesimal edge-center tilt, and physical radial uniqueness branch to one source-only collar DAG with a fail-closed transfer firewall","conditional_source_spectrum_composition","Screen spectrum, primordial bridge, and radial-lift theorem fragments","A premise-complete source DAG violates the gamma-ratio covariance, shell-amplitude identity, physical dilation intertwiner, or tomography reconstruction; a promoted source contains measurement ancestry"
OPH-SCREEN-ECHOSAHEDRAL-SELECTOR,"Icosahedral graph theory, finite group actions, equiangular tight frames, and universal optimality","The automorphism classification and rank-three Gram identities have standard finite-geometric antecedents","Finite graph automorphisms, group classification, and exact Gram-matrix linear algebra","OPH binds the unit split, inverse pairing, A5 action, frame, refinement naturality, and target firewall to one quotient-visible observer-port source packet","source_derived_finite_selector_certificate","Standard Model gauge and screen-microphysics selector theorems","A declared source packet violates the unique unit minimum/gap, antipode, A5, Gram-rank, or naturality conclusion"
OPH-SCREEN-PORT-CURRENT-INNER,"Finite-group equivariant current algebras, compact Lie algebras, normed approximation, and exact algebraic representation certificates","Equivariant linear maps, commutator closure, Schur decomposition, compact-locus classification, and finite-dimensional norm minimization are standard","Exact Q(sqrt5) linear algebra, compact-current classification, finite-group representation theory, and exact primal-dual norm certificates","The abstract Lie type follows without naming a gauge group in the axioms. The complete fourteen-dimensional equivariant bracket space and compact locus are certified. A declared equal-weight oriented-face construction is exactly 60 R13, has an exact 240-coordinate Jacobi failure, the same compact family wins exact L1, L2, and Linfinity comparisons under exposed coordinate norms, and the quadratic comparison is phase-mapped over the complete carrier-induced invariant metric cone: P excluded everywhere, G selected on every sector-balanced metric and the whole beta/delta in [1/50,6] box, F occupying a nonempty region across the exact three-scale tie surface, while source selection remains fail-closed.","axiom_forced_finite_lie_type_with_three_norm_and_invariant_metric_phase_discriminator","Standard Model gauge port-current theorem and oriented-face selector","The abstract Lie type, bracket-space rank, compact-locus classification, face identity, Jacobi census, any exact three-norm nearest-family comparison, or any invariant-metric phase fact fails, or a source-selected bracket is promoted without a source repair law, tomography, and holonomy."
OPH-SM-SIMPLE-GUT-XY-CHANNEL-ABSENCE,"Product gauge algebras and simple-GUT X/Y generators","The direct-sum adjoint decomposition and the X/Y representation labels are standard","Adjoint representation theory for u(1)+su(3)+su(2)","The forced abstract product Lie type fixes the adjoint dimension split and excludes the connected simple-GUT X/Y generator without making a general proton-stability claim.","scoped_product_adjoint_channel_exclusion","Standard Model gauge product-adjoint boundary","The forced product Lie algebra contains a mixed (3,2,-5/6) or conjugate generator, or its adjoint does not decompose as (8,1,0)+(1,3,0)+(1,1,0)."
OPH-SCREEN-SUPER-TANNAKIAN-MATTER-LIFT,"Super-Tannakian reconstruction, exterior-algebra matter embeddings, binary icosahedral covers, and anomaly algebra","Spin covers, CAR/Fock exterior constructions, invariant-line counting, and anomaly traces have standard antecedents","SU(2) double-cover theory, exact exterior algebra, finite-group invariants, and congruence enumeration","The exact certificate separates the declared current and exterior fixtures from what follows inside them. The unordered conjugate projector pair, parity grading, charge balance, finite lift, and Spin typing are exact conditional outputs. The physical source gate remains false.","conditional_finite_matter_lift_certificate","Standard Model gauge matter-lift theorem and executable certificate","Under the declared fixtures, a proper implementer fails to lift inside Q(sqrt5), the lift group order or centre is wrong, the measured artifact and recomputed lift disagree, the exhaustive anomaly scan has the wrong survivor set, the matter transport, projector, charge spectrum, anomaly traces, Yukawa lines, refinement maps, action kernel, or residual order-six quotient fails, or a negative-control packet passes."
OPH-QUARK-REGISTER-CLEBSCH,"Georgi--Jarlskog/Clebsch flavor textures, one-loop Yukawa running, and lattice light-quark ratios","Conditional Clebsch relations, multiplicative RG transport, and lattice comparison are standard flavor-texture tools","Finite exhaustive enumeration, one-loop Standard Model Yukawa running, ratio cancellation, and FLAG 2024 light-quark averages","Separates a conditional channel-compatibility receipt and target-free F1/F2 unordered-weight enumeration from the unproved physical coefficient relation, target-informed generation order, MCPR source attachment, and scale, then records retrospective rejection of all six assignments in the complete declared common-transport family","conditional_flavor_texture_audit","Particle paper quark theorem boundary","A declared channel or F1/F2 identity fails, the six assignments do not exhaust the declared ratio menu, or the canonical FLAG comparison fails to reproduce rejection of every assignment under the stated retrospective experimental-only gate"
OPH-KOIDE-CIRCULANT-IDENTITY,"Koide's charged-lepton relation, Hermitian C3 circulants, and finite GNS constructions","Circulant spectra, cyclic Fourier diagonalization, Born--Lueders conditioning, and tracial-GNS amplitudes are standard","Finite cyclic representation theory, Hermitian-circulant spectral algebra, Born--Lueders conditioning, and finite tracial-GNS normalization","Separates an exact positive-chamber identity Q=1/3+(2/3)(|b|/a)^2 from a conditional finite-GNS balance and from the unresolved physical chiral attachment, phase, ratios, and running bridge; the historically target-informed MCPR near-hit remains diagnostic","conditional_finite_flavor_identity_and_GNS_balance","Particle paper charged-family theorem boundary","The positive-chamber circulant identity or its exact Koide equivalence fails, or the finite-GNS receipt fails to produce the balanced modulus under its declared premises"
OPH-A5-REAL-AXIS-CABIBBO-NOGO,"Residual-symmetry flavor mixing and icosahedral axis geometry","Finite residual-axis menus and Euclidean misalignment angles are standard in discrete-flavor model building","Exact regular-icosahedron coordinates, antipodal axis reduction, exhaustive pair enumeration, and principal-angle calculation","Turns the direct real-3D residual-axis proposal into a complete 31-axis finite menu with multiplicities and an arctan(1/phi) hard self-test, then records the narrowly scoped Cabibbo exclusion without generalizing to all A5 models","narrow_finite_residual_axis_no_go","Particle paper quark-mixing no-go boundary","The 6+10+15 axis census, exact spectrum, multiplicities, or method self-test fails, or the complete menu contains an acute angle compatible with the declared Cabibbo comparison coordinate"
OPH-W5-STABILISER-POTENTIAL-BOUNDARY,"A5 flavor potentials on the real five-dimensional representation and residual-stabilizer orbit selection","The identification W5=Sym^2_0(R^3), rotation fixed spaces, and symmetric-matrix spectra are standard","Real A5 representation theory, finite-rotation fixed-space linear algebra, and the spectral theorem","Makes the W5 predictor boundary exact: C3/C5 fixed points are doubly degenerate, while the C2 locus retains two projective parameters, so predictive content must come from a specific screen-derived invariant potential or other independent dynamics","conditional_flavor_orbit_potential_boundary","Particle paper flavor-orbit boundary","A C3/C5 fixed point has simple spectrum, the fixed-space dimensions differ from the certified values, or the C2 locus lacks the stated simple-spectrum witness and two projective parameters"
OPH-SCREEN-CARRIER-SUPPORT-BRIDGE,"Graph nerves, combinatorial manifolds, and refinement limits","Local incidence does not generally determine global topology or conformal geometry","Graph/nerve nonuniqueness, surface classification, and refinement naturality","Separates the local carrier boundary, federation screen, and global S2 support and states the exact source-bound bridge needed between them","typed_screen_separation_and_bridge_contract","Unified spine and screen-microphysics carrier-to-support bridge","Local twelve-port data alone determine a unique global S2/BW support, or a proposed bridge fails its preservation clauses"
OPH-GAUGE-D7-D9,"DHR/DR/Tannaka reconstruction, compact-group representation theory, and Standard Model anomaly algebra","Compact gauge reconstruction and declared-package representation algebra are imported","DR/Tannaka reconstruction, compact Lie classification, and anomaly algebra","OPH keeps three statements distinct: conditional Tannaka reconstruction, exact central-kernel arithmetic on a declared matter package, and the open physical selection of a global quotient. Matching order-six groups is not counted as a same-source identification.","conditional_tannaka_reconstruction_and_declared_completion","Standard Model gauge D7-D9 gauge branch","Compact-group reconstruction fails under the complete D7 premises, the D8-D9 kernel or anomaly algebra fails on the declared packet, the central descent congruence or conditional line calculation is wrong, or a claimed physical global form is promoted without source-selected relations, complete characters, and a same-source loop-to-kernel identity."
OPH-SCREEN-A5-SM-RECOGNITION,"A5 representation theory, compact Lie classification, covering groups, exterior unification, and signed graph operators","The finite group modules, compact Lie types, exterior algebra, and tensor-product operators have standard antecedents","A5 module decomposition, compact-Lie trichotomy, cover/lattice algebra, exterior representation theory, exact algebraic band comparison, and signed-graph kernel theory","A1/A2 and the twelve-port module force the abstract Standard Model Lie type without inserting its name or factor dimensions. The inverse-port response, conditional matrix witness, declared-menu matter selection, central kernel, and conditional rank-three family carrier retain separate receipts and source boundaries.","axiom_forced_lie_type_with_conditional_matter_and_family_chain","Standard Model gauge A5 current-recognition and finite local-domain subsections","The A5 module, compact-Lie trichotomy, inner-action or noncentrality selection, trace-balanced cover, exterior witness, exact band order, rank-three selection, conditional rank-45 tensor arithmetic, anomaly cancellation, chirality grading, diagonal Z6 action, declared local tensor-extension identity, or conditional inherited gap fails under its stated premises, or a promoted physical conclusion omits its current, source-selection, cross-domain transport, matter-pole, continuum, persistence, or laboratory receipt."
OPH-SM-ROUTE-IDENTIFICATION,"Tannaka duality, representation equivalence, and commuting-diagram methods","An axiom-forced abstract Lie type need not be an executable source current or the same physical group as a categorical reconstruction","Compact-group isomorphism and natural intertwiners","States the open source-current and commuting-square requirements for identifying the A1/A2 Lie-type output with the independently reconstructed D7-D9 categorical group on one source tower","open_source_current_and_commuting_square_contract","Unified spine and Standard Model gauge route-identity boundary","A proposed identity lacks the executable source current or fails action, quotient, normalization, matter, source, or refinement intertwining"
OPH-Q-PN-CLOSURE,"Fixed-point methods, zero-error capacity, and standard RG/display conventions","Finite coding and fixed-point order theory plus display-unit conventions are standard","Finite correctable-capacity and slack-zero methods","Local P closure plus robust set-valued N saturation, with the exact finite-size slack selector separated from greatest-fixed-point order theory","quantitative_prediction_protocol","Observers synthesis closure sections","Target leakage, branch switching, incomplete terminal fibers, marginal-only coupling, or unjustified unique slack-zero closure"
OPH-Q-N-RESERVE-CANDIDATES,"Self-consistency equations, finite quotient probabilities, Poisson limits, monoid actions, and standard cosmological posterior comparison","Equality of two readings after an identification, the limit from finite survival to an exponential, and nonuniqueness from distinct monoid actions are standard","Finite probability algebra, exact rational countermodels, elementary monoid actions, exponential limits, and the Planck base-LambdaCDM posterior","Keeps the finite Z6 presence branch separate from the additional mean-count or projective-limit carrier required by the exponential branch, then proves that the declared local datum plus composition and cut-count regrouping selects neither action on global capacity; both numerical rows remain target-exposed retrospective diagnostics","target_exposed_two_branch_capacity_diagnostic_with_bounded_attachment_nonidentifiability","Observers synthesis N-reserve boundary","The source quantity is not a finite normalized presence probability, either countermodel fails its declared composition or regrouping law, the local source actually selects one global action, the same-invariant bridge fails, or a retrospective comparison is promoted as a prospective prediction"
OPH-HIER-EW,"Electroweak phenomenology, exterior weak multiplicities, and hierarchy-problem literature","Weak-scale observables and representation multiplicities are standard","Electroweak endpoint conventions and additive load algebra","Direct record closure plus a refinement-natural common screen/EW order-unit carrier gives the downstream bridge; 24/6 is excluded","conditional_quantitative_comparison","Particle paper hierarchy section","Weak multiplicity or common-load implication fails, or the bridge is used as its own capacity producer"
OPH-ALPHA-PIXEL,"Running-alpha and hadronic vacuum-polarization literature","Endpoint transport physics is standard","Maxwell endpoint and spectral transport","Pixel fixed point plus explicit source/endpoint boundary","quantitative_branch_accounting","Fine-structure paper","Target leakage or unrepresented endpoint gap"
OPH-DM-CONT,"MOND, RAR, LCDM, cluster and CMB dark-sector literature","Galaxy and cosmology comparison data are external","Phenomenological benchmarks","Record-repair collar stress as the dark gravitational component, with scalar collar CMI retained only as a recovery diagnostic rather than promoted to the source","phenomenological_continuation","Dark matter paper","No cosmological verdict exists; the source-derived parent, stress construction, and joint likelihood are work in progress"
OPH-YM-GAP,"Clay/Jaffe-Witten target, compact Yang-Mills, OS reconstruction","Yang-Mills target and reconstruction criteria are imported","Compact gauge and OS language","A uniform compact-gauge repair gap supplies the continuum Hamiltonian mass gap on the fully certified finite-transfer and reconstruction branch","conditional_problem_solution_implication","Yang-Mills gap paper","No support-visible construction or uniform repair gap"
OPH-CHI-NU,"Material response and dark-sector scalar test design","Engineering response bookkeeping is standard","Laboratory coefficient conversion","Canonical susceptibility separated from engineering chart","experimental_target","Chi-nu paper","Controlled substrates miss required contrast"
OPH-STRING-SELECTOR,"String compactification and heterotic Standard Model candidates","String vacuum language and named witnesses are imported","BD witness literature","OPH target vector and gates select or reject the witness","selector_continuation","String selector paper","Witness fails OPH target and safety gates"
OPH-POW-PHOTONIC,"SHA-256d proof-of-work and exact verification","Verifier and ideal-hash baseline are standard","SHA-256d verifier contract","Physical patch proposal stream judged by exact verifier controls","experimental_protocol","Photonic proof-of-work paper","No blinded enrichment or failed controls"
OPH-IBM-GENERATIVE-REPAIR,"Finite Markov chains, dynamic circuits, measurement feedback, and blinded process-model comparison","Born/Luders feedback and finite-kernel likelihoods are standard","Finite groups, lazy heat, dynamic-circuit execution, and conditional likelihood ratios","A bounded group-mismatch patch self-reads, records descent, conditionally repairs, and is judged against matched open-loop and blinded decoy kernels; QM predicts the whole instrument","completed_frozen_engineering_archive","Frozen IBM blinded generative repair archive","A replay or repeat can falsify only the implementation claim; no current outcome distinguishes OPH from QM"
OPH-THINKING-PATCH,"Recurrent networks, predictive coding, attractor dynamics","Neural dynamics concepts are imported","Cognitive computation models","Patch-net normal form as cross-substrate thought model","cross_substrate_model","Thinking paper","No bounded self-reading repair model for cognition"
OPH-PARADISE,"Theology, ethics, and continuation philosophy","Destination language is imported","Record-continuation concepts","OPH repair and record continuation translated into destination law","interpretation","Paradise essay","No coherent record-continuation identity model"
OPH-GR-FINITE-LOCAL-DOMAIN,"Finite causal sets, signed graph bundles, discrete differential operators, and reproducible scientific workflows","Finite order, rank, cohomology, and incidence-operator methods are standard","Finite partial-order algorithms, GF(2) elimination, and signed-graph kernel theory","One target-clean replay bundle places causal order, a closed observer-neighborhood cover, observer-visible seam transport, typed sections, deterministic operator evaluations, and an exact kernel result on the same finite source object while retaining failed continuum diagnostics","target_clean_finite_local_domain_receipt","Screen microphysics finite local-domain section","Replay, independent counts, elimination ranks, deterministic operator evaluations, kernel result, or target-clean provenance fail"
OPH-SOURCE-DIMENSIONLESS-GAP,"Signed graph Laplacians, integer positive-definite matrices, and spectral residual estimates","Kernel criteria, determinant bounds, and eigenvalue residual estimates are standard","Signed-graph kernel theorem, integer determinant bound, and symmetric residual bound","The target-clean finite source action yields an exact strictly positive finite-domain gap for the signed seam operator and records its numerical refinement without promoting either object to a physical clock or mass","exact_finite_source_gap_receipt","Particle paper finite source-Hamiltonian proposition","Full rank, determinant positivity, or numerical residual fails, or the finite signed-seam gap is physically promoted without attachment"
OPH-GR-D3H-GEOMETRY-PRODUCER,"Combinatorial surface classification, Rado theorem, Mobius cross-ratio geometry, and modular GNS theory","Surface classification, cross-ratio rigidity, and modular GNS construction are imported","Classification of closed combinatorial surfaces, conformal reconstruction from cross-ratios, and independent algebra-state modular representation","OPH computes the incidence complex and FiniteCapBWCertificate from repaired normal forms and typed flow receipts while requiring complete MGNS-1 independently on the same tower; confluence underdetermines topology, framing, normalization, and state","producer_theorem_with_countermodels","Spacetime and Einstein geometry-producer packet","Certificate production fails, readout depends on presentation, or BW is invoked without independent same-tower MGNS-1"
OPH-GR-D4-NULLNET-STANDARDNESS,"Borchers-Wiesbrock theory, Araki-Zsido, Guido-Longo-Wiesbrock, Wiesbrock modular intersections, HJPW Markov structure","Half-sided inclusion and modular intersection machinery are imported","Standard-pair, Mobius-covariance, and Markov-structure theorems","OPH proves the standardness inputs on the produced branch, derives the inclusion from the produced cap flow, replaces the invalid Gibbs-to-modular locality inference with a Markov theorem plus machine-verified counterexample, and states the assembly receipts","standardness_and_assembly_package","Spacetime and Einstein null-net standardness packet","Unproved standardness input, Markov theorem failure, or assembly failure on receipt towers"
OPH-GR-D4B-EVENT-MANIFOLD,"Causal set/order-metric reconstructions, modular localization, Lorentzian length spaces","Bi-Lipschitz atlas, cone/quadric signature, and low-regularity connection arguments are imported","Standard low-regularity Lorentzian geometry tools","OPH constructs events as coincidence classes of repaired record germs with named E1-E6 receipts and an E4-prime curvature upgrade, keeps H3 strictly as the frame fiber with a no-section no-go, separates modular ordering from calibrated operational clocks, and supplies countermodels showing dim H3 = 3 promotes nothing","conditional_event_manifold_construction","Spacetime and Einstein event-manifold packet","Receipt region fails Hausdorffness/dimension/signature or H3 is promoted to a spatial slice"
OPH-GR-D4C-LOCAL-STRESS,"Stress tensor tomography, modular Hamiltonian densities in QFT","Null polarization and least-squares stability are standard","Null tomography of symmetric tensors","T_ab is constructed from OPH modular charges with the MI linearity clause as the exact existence boundary and a machine-verified no-rank-two-source countermodel","stress_construction_from_modular_charges","Spacetime and Einstein stress packet","Consistent charges fail reconstruction or Ward identity fails"
OPH-GR-D4D-ENTROPY-BRIDGE,"Jacobson Clausius bookkeeping, entanglement first laws","Finite first law and MaxEnt envelope identity are standard","delta S = <K delta rho> and Legendre duality","The dropped-edge-term and changing-stress-channel defects are repaired exactly, with machine-verified split identities and normalization countermodels","first_law_repair_with_countermodels","Spacetime and Einstein entropy-bridge packet","Exact split violated or multiplier identity fails"
OPH-GR-D5A-ABSOLUTE-EINSTEIN,"Jacobson 1995/2016 small-ball derivations","Fixed-volume area identity and Bianchi identity are imported","Standard small-ball geometry","One declared uniform scaling family replaces diagonal subsequences and an explicit irreducible vacuum-reference receipt replaces the silent baseline choice, with failure examples","uniformity_and_base_condition_package","Spacetime and Einstein small-diamond packet","Remainder bound fails or absolute equation asserted without VR"
OPH-GR-E2E-BRANCH-ENTRY,"Axiomatic reconstruction programs (AQFT, causal sets, holography)","Composition of conditional theorems is standard practice","Typed composition with error envelopes","The theorem separates conditional composition from construction of one source-derived common-domain tower with certified tails and independent physical identifications","composed_branch_entry_theorem","Spacetime and Einstein composed branch-entry theorem","An arrow fails or a claimed tower imports target data or fails a declared premise"
OPH-GR-D6-READBACK-NOGO,"Joint checkpoint channels, zero-error capacity, deflationary maps, and estimator identifiability","Parity/independent channels, cyclic permutations, erasure channels, order iteration, and threshold families are standard","Elementary coding countermodels and order theory","Separates local marginals and checkpoint invariants from correctable public capacity, rules out uniqueness from monotone deflation, and demotes target-derived geometric/EW estimators","no_go_and_negative_control","Observers synthesis capacity branch","Any displayed coupling, cyclic, identity/erasure, attraction, or target-taint countermodel fails under its premises"
OPH-GR-D6-HORIZON-RECORD,"Gibbons-Hawking de Sitter entropy and static-patch relations","The horizon entropy and de Sitter radius formulas are imported","Standard entropy-area algebra","A separate horizon-record saturation receipt equates robust direct correctable-record closure with the area-law capacity","conditional_physical_commuting_square","Observers synthesis D6 bridge","A receipt-complete horizon-record branch violates the displayed capacity relation"
OPH-GAUGE-EXTERIOR-SM-WITNESS,"SU(5)-style exterior matter embeddings and Standard Model anomaly algebra","Exterior branching and anomaly calculations have established precedents","Finite exterior algebra and representation theory","Exact trace-balanced C plus W certificate for one 15-state generation, three one-Higgs lines, anomaly cancellation, and four weak copies in the icosahedral closure program","conditional_exact_representation_certificate","Standard Model gauge exterior witness","Any branching, charge, invariant-line, anomaly, or weak-multiplicity identity fails"
OPH-WZ-STRICT-1L-POLE-MAP,"Complex-pole renormalization, Nielsen identities, FJ tadpole schemes, and finite-order electroweak calculations","The strict root expansion, neutral determinant, and square-root coordinates are standard field-theory algebra","Formal perturbative root expansion and complex-pole convention","Subject-bound fail-closed receipt separating strict coefficients from nonlinear display coordinates and preventing self-attested evidence promotion","conditional_pole_map_and_fail_closed_receipt","Compact and particle-paper strict-one-loop W/Z kernel","A stated coefficient, order mask, branch rule, or independent subject-binding check fails"
OPH-SCREEN-24-CLOCK-DETERMINANT,"Finite clock models, Hamiltonian scaling, and determinant-line mass invariants","Hamiltonian rescaling and geometric-mean algebra are standard","Scaling no-go and determinant-line algebra","Separates the 24-stage bookkeeping register from a physical clock and types a conditional clock-cube to charged-determinant attachment","no_go_and_conditional_attachment_theorem","Particle paper charged-lepton scale section","Register structure fixes a rescaling-sensitive gap or the stated attachment implication fails"
OPH-SCREEN-MODULAR-GEARING,"Finite reversible Markov chains, graph Hodge theory, operator compression, and finite-group representation theory","Cycle exactness, detailed balance, invariant-subspace compression, and Schur block structure are standard","Finite graph potentials and A5 module decomposition","Types the OPH oriented register as a source-derived channel compression of transition affinities and exposes cycle, closure, symmetry, commutant, clock, and BW promotion gates","finite_modular_channel_compression","Screen microphysics finite modular and register section","An exact receipt violates potential reconstruction, compression, or the paired degeneracy theorem"
OPH-UNIFIED-TYPED-SPINE,"Typed scientific workflows and commuting-diagram dependency systems","Typed interfaces and source manifests are standard proof-engineering devices","Finite consensus, modular geometry, compact-current classification, and QFT implication DAG","Places gravity and particle branches on one architecture-sensitive self-reading carrier tower while separating three screens, carrier from observer, phase lock from consensus, local A5 from global S2, and the two gauge routes","cross_surface_dependency_and_type_contract","Unified observer-to-physics spine in the three core papers","A branch conclusion omits a typed producer, silently identifies two screens or gauge routes, or the branches cannot descend from one source-bound tower"
OPH-GR-D6-A5-FINITE-CONTROL,"Finite zero-error channel coding and regular representations of A5","The finite group action and independent-set calculation are standard","Finite group enumeration, zero-error coding, and raw carrier arithmetic","Uses publicly inert multiplicity to expose raw carrier dimension as implementation-dependent and block a finite equality seam from physical N promotion","finite_control_and_noninvariance_receipt","Capacity readback finite A5 control","The declared packet has M0 other than 60 or its inert multiplicity changes a public readout"
"OPH-GR-DS-MU2-IDENTITY","Pure de Sitter horizon-shock equations and scalar spherical harmonics","The radius cancellation and first spherical-harmonic eigenvalue are standard de Sitter geometry","Pure de Sitter Killing-horizon shock equation and scalar spherical-Laplacian spectrum","Separates the exact radius-independent mass identity from the screen operator, coefficient, gauge, and Einstein-branch attachments","exact_de_Sitter_shock_mass_boundary_identity","De Sitter fixed-capacity shock note, pure de Sitter mass identity","The pure de Sitter equation fails to reduce mu squared to d-2 or d-2 differs from the first scalar spherical-Laplacian eigenvalue"
"OPH-GR-DS-CAPACITY-TRANSFER","Finite Shannon entropy, weighted sector entropy, and logarithmic calculus","The finite entropy inequality and multivariable derivatives are standard","Finite entropy bound and exact positive-real logarithmic calculus","Separates the discrete entropy maximum, analytic dimension relaxation, fixed-capacity tangent curvature, and one-sided transfer maximum, with no unconstrained interior maximum","exact_fixed_capacity_entropy_transfer_audit","De Sitter fixed-capacity shock note, finite entropy and transfer theorems","A displayed entropy, gradient, Hessian, tangent-sign, or monotone logarithmic-transfer identity fails under its stated domain conditions"
"OPH-GR-DS-SHOCK-SIGN-ATTACHMENT","Gibbons-Hawking entropy and gravitational shock-sign analyses","The entropy-area and shock-sign dictionaries are imported physical inputs","Fixed total capacity, horizon-area, Einstein-branch, scale, and coefficient identifications","Maps the exact finite transfer sign to the de Sitter diagnostic through an explicit set of physical dictionaries, each retained as a gate","conditional_fixed_capacity_shock_sign_bridge","De Sitter fixed-capacity shock note, physical sign boundary","A receipt-complete common branch maps positive transferred capacity to the opposite gravitational shock sign"
"OPH-GR-DS-DISCRETE-SHOCK-SPECTRUM","Regular graph line-graph spectra and icosahedral adjacency spectra","The finite graph spectra and line-graph transformation are standard","Regular line-graph spectral theorem and exact icosahedral graph calculation","Separates the exact finite graph spectrum from exact-gauge removal and the scaled nearest-neighbour kinetic identification","conditional_icosahedral_de_Sitter_shock_spectrum","De Sitter fixed-capacity shock note, discrete spectrum boundary","The graph receipt fails, or a source-bound realization satisfying both discrete identifications produces a different normalized spectrum"
"OPH-REPAIR-SHOCK-DOMAIN-BOUNDARY","Typed operator domains and fixed-sector Markov or repair generators","An operator acts only on its declared domain","Typed fixed-sector operator semantics","Prevents a fixed-sector repair generator from being counted as a dimension-changing shock generator without a separately constructed extension","repair_operator_domain_separation","De Sitter fixed-capacity shock note, repair-domain boundary","The declared repair generator carries a typed action on dimension-changing sector carriers"
"OPH-A5-PRIMITIVE-PORT-SPIN6","Icosahedral harmonics, finite-difference dispersion, and nonminimal Standard-Model Extension coefficient searches","The A5 invariant harmonic and long-wavelength cosine expansion are standard mathematical ingredients","Finite A5 invariant theory, spherical harmonics, Taylor expansion, and exact orbit-ray separation","Binds the named primitive twelve-port orbit to a publicly frozen scale-free relation between one isotropic fourth-order coefficient, one isotropic sixth-order coefficient, and a rigid rotated rank-six coefficient vector, leaving only orientation once negative C4 is resolved; exact face and edge alternatives show why a separate physical orbit selector is required","frozen_scale_free_icosahedral_propagation_prediction","Flagship spin-six prediction and FZ-11 custody contract","A qualifying joint measurement excludes the frozen sign, lower-rank nulls, coefficient ratios, or rotated I6 manifold under the declared power and nuisance model"
"OPH-A5-SEAM-CURRENT-EDGE30","Root lattices, graph incidence, transverse projectors, free-vector oscillators, icosahedral edge harmonics, finite-difference symbols, and nonminimal Standard-Model Extension coefficient searches","The D6 lattice, icosahedral edge orbit, invariant harmonic, cosine expansion, basis-free transverse projector, and oscillator construction are standard mathematical ingredients","Integer incidence and root-lattice algebra, finite group actions, Markov and Dirichlet operators, homogeneous convolution, finite icosahedral orbit geometry, finite-dimensional transverse linear algebra, invariant theory, formal power series, and exhaustive finite-noise enumeration","Binds the canonical source-seam incidence and antipodal load quotient to the complete edge-orbit ray without reading a new eligible FZ-12 comparison payload, proves its exact cumulative-record translation action, derives the uniform source-counting convolution under typed A2/A3 premises, constructs its exact Markov and Dirichlet generator, gives a conditional rank-two transverse oscillator completion with an exact zero mode, derives the data-free formal frequency and velocity map, calibrates leading-coefficient recovery under one exact synthetic stress law, and freezes the conditional coefficient manifold while keeping physical position, field, clock, gluing, dimensionful scale, frame, detector response, nuisance model, and readout as explicit premises; prior WMAP and FZ-11 exposures are excluded","exact_source_native_edge_orbit_dirichlet_action_conditional_transverse_oscillator_formal_map_and_frozen_prediction","Source seam-current action, scale, conditional transverse oscillator, formal frequency and velocity, spatial remainder, exact synthetic recovery, and moment theorem packets plus FZ-12 custody contract","An exact D6, carrier, internal-action, uniform-weight, Dirichlet, Fourier, scale, edge-multiset, moment, coefficient, transverse-projector, oscillator, formal-series, or exhaustive synthetic-calibration identity fails, or an eligible joint measurement excludes the frozen edge manifold under its declared power and nuisance model"
"OPH-MODAL-MAXWELL-FACTORIZATION-BOUNDARY","Fourier-space vacuum Maxwell curl pairing, vector triple-product identities, and helicity-mode factorizations","The vector-calculus identity and opposite-sign Maxwell pairing are standard; by themselves they establish no source-produced field theory","The existing exact FZ-12 scalar modal symbol and transverse fibre, three-dimensional cross-product algebra, complex scalar extension, and exact Gaussian-rational replay","Factors the committed OPH modal oscillator through a kernel-checked Fourier-curl block, proves paired transversality, and adds same-sign and wrong-normalization controls while preserving an explicit firewall around locality, real-field assembly, gauge/action, Gauss/source, covariance, continuum, and readout","exact_OPH_modal_Maxwell_shaped_factorization_with_mutation_firewall","Screen-microphysics detailed paper plus ModalMaxwellFactorizationBoundary Lean module and exact replay","A modal divergence, square-root, paired-wave, transversality, sign-mutation, or normalization-control identity fails under its stated inputs"
"OPH-A5-CARRIER-CLASS-DISPERSION-BAND","Spherical-design moment theory, lattice dispersion expansions, and Lorentz-violation coefficient parametrizations","The Lagrange moment identity and finite invariant theory are standard mathematical ingredients","Finite A5 invariant theory, spherical harmonics, Taylor expansion, and the Cauchy-Schwarz moment inequality","Proves one exact test surface for the declared positive-weight scalar cosine class whose full spatial symbol is the orbit sum: a universal negative quartic sign, the isotropic floor B0/C4^2 at least 10/21 saturated exactly by single-radius carriers, rank purity, the confined signed rank-six band with the frozen FZ-11 and FZ-12 rays as its vertex and edge points, no new rank-eight shape, and the division-free single-radius identity 5 D6 B0=12 B6 D0, including the zero-anisotropy member","class_level_dispersion_band_theorem","Flagship carrier-class dispersion band theorem","An exhibited positive-weight class member violating the sign law, floor, saturation criterion, band, kernel factorization, rank-eight shape closure, or division-free cross-order identity"
"OPH-POSITIVE-COSINE-FREQUENCY-CONTRACTION","Finite tight frames, lattice cosine symbols, Hilbert-space feature maps, and Lipschitz dispersion bounds","The sine difference inequality, reverse triangle inequality, and tight-frame normalization are standard mathematical ingredients","Finite Euclidean tight-frame algebra and global real trigonometric inequalities","Binds both immutable OPH propagation supports to one exact all-momentum sine-feature contraction, with an independent exact certificate and a strict firewall between the auxiliary carrier norm and physical signal speed","exact_global_auxiliary_frequency_contraction_with_frozen_branch_bindings","Screen-microphysics theorem plus CarrierFrequencySpeed Lean module and independent receipt verifier","The feature identity, contraction, global frequency bound, exact frozen-support binding, or a mutation and independent-replay control fails"
"OPH-TIME-ORDER-TYPE-LEDGER","Typed operational semantics, causal orders, modular parameters, worldline coordinates, and affine clock gauges","Keeping distinct notions of time in separate types and positive affine clock freedom are standard formal and physical practices","Lean type separation, negative elaboration tests, and ordered-field arithmetic","Installs one explicit eight-layer realization boundary for OPH and proves that record monotonicity alone cannot calibrate a clock origin","formal_ontology_separation_and_clock_gauge_boundary","Observers-paper time and order interface plus TimeOrderLedger Lean module","A forbidden coercion elaborates, a ledger tag collision occurs, or the affine-gauge theorem fails"
"OPH-BOUNDED-OBSERVER-TIME-CALIBRATION","Order data, affine clock synchronization, proper time on inertial worldlines, and chart-covariant Lorentz geometry","Strictly monotone reparameterization freedom, unit-speed proper-time parameterization, and two-point affine interpolation are standard separately","Lean ordered-field algebra and the established C1/C2 Lorentz overlap interface","Combines an exact non-affine three-tick no-go with a typed unit-timelike calibration handoff, a unique positive-affine interpolation of four supplied readings, and a nondegenerate third-point algebraic check; a prospective held-out interpretation separately requires predesignation and custody","record_order_regrading_no_go_with_conditional_affine_clock_test","Observers-paper bounded observer-time packet","A monotone cubic regrading becomes affine, a supplied unit-timelike history violates the stated same-history interval/additivity claims, or shared-event comparison violates the one-event, two-event-pair, or third-point theorems"
"OPH-PUBLIC-RECORD-ALGEBRA-NOCLONING","Finite commutative C-star algebras, projective measurements, sharp-state no-cloning, and mixed-state no-broadcasting","Classical representation of finite commutative algebras and the sharp-state overlap argument are standard","Finite matrix star algebra, trace coordinates, Hilbert tensor products, norm rigidity, and complex scalar idempotence","Identifies the OPH public span exactly with functions on nonzero record labels while separating the proved distinct-state orthogonality obstruction from the unproved mixed-state adapter premise","public_record_classical_representation_with_broadcasting_boundary","Observers-paper public event algebra plus PublicRecordAlgebra and NoBroadcastingAdapter Lean modules","The active-label star equivalence or distinct-state orthogonality theorem fails under its stated premises"
"OPH-CONSENSUS-TOWER-INTERFACE","Directed systems, finite matrix algebras, state restriction, natural transformations, and algebraic generators","The individual categorical and finite-algebra ingredients are standard","Lean structures, finite matrix star algebra, density states, and explicit refinement laws","Packages observer orders, public and private algebras, records, states, and generators into one variance-correct directed refinement object and supplies a constant adaptor from the existing event-algebra stack without promoting it to physics","typed_joint_refinement_root_interface","Observers-paper tower interface plus ConsensusTower Lean module","A refinement law, cross-layer naturality theorem, contravariant state-pairing law, or constant-adaptor identity fails"
"OPH-PUBLICIZATION-DYNAMICS-FINITE","Conditional expectations, Kraus representations, projector dephasing semigroups, Banach-algebra exponentials, and GKSL generators","The underlying finite dephasing, relaxation, and idempotent-exponential formulas are standard operator-algebra constructions","Finite matrix-unit algebra, Banach-algebra exponential series, linear ordinary differential calculus, and idempotent projections","Packages the OPH public/private split as an exact solvable semigroup with a literal bounded-operator exponential, explicit averaging Kraus data, projector-rate generator form, stable commutant, and a fail-closed boundary around CP/CPTP, rate, clock, and source claims","solvable_publicization_semigroup_and_fixed_algebra_packet","Observers-paper publicization dynamics and five Lean modules","Any displayed finite identity fails, or the package is promoted across its formal CP, no-cancellation, rate, clock, or source boundary"
"OPH-PUBLIC-PRIVATE-DYNAMICS-FINITE","Finite stochastic maps, automorphisms of finite function algebras, locally constant public flows, inner automorphisms of full matrix algebras, unitary exponentials, and the von Neumann equation","The component classification and evolution theorems are standard finite algebra and analysis","Finite orthogonal idempotent bases, connectedness and local constancy, finite full-block automorphism innerness, and Banach-algebra differentiation","Applies the exact OPH active-record algebra to a complete finite reversible-public/stochastic-public versus simple-block-unitary-private split while exposing the remaining central-block, converse-generator, source, and clock interfaces","typed_finite_public_private_dynamics_boundary","Observers-paper dynamics row plus PublicMarkov, PublicAutomorphism, and PrivateInner Lean modules","A stochastic classification, public-automorphism classification, continuity obstruction, full-block innerness, fixed-Hamiltonian unitarity, or real-parameter von Neumann theorem fails"
"OPH-FINITE-QUANTUM-LIMITATION-SUITE","Finite-dimensional Robertson uncertainty, projective superselection, random-unitary pinching, and Umegaki entropy","The Robertson inequality, partition pinching, sign-character dephasing, and support-aware relative entropy are standard finite mathematics","Positive-semidefinite matrix pairings, complete commutant trace duality, Boolean sign-character orthogonality, and finite continuous functional calculus","Places the supplied-state uncertainty and partition readouts on one exact surface, proves arbitrary pinching is the positive uniform average over all independently signed block reflections, and gives an exact orthogonal-state countermodel showing why totalized matrix logarithms cannot define support-aware relative entropy","typed_finite_partition_readout_with_sign_average_and_support_boundary","Finite-event-algebra paper plus Robertson, Superselection, RecordMajorization, and SpectralEntropyBoundary Lean modules","A Robertson identity, operational quotient, sign-average pinching theorem, global-sign negative control, support witness, or totalized-log countermodel fails under its stated inputs"
"OPH-FINITE-EXTERIOR-COMPONENT-BRIDGE","Exterior or Fock algebra and Standard Model exterior embeddings","Exterior anticommutation, bidegree counting, and central-character arithmetic are standard finite mathematics","Mathlib exterior bases and finite character enumeration","Connects the exact five-mode exterior component table to supplied partition-sector and central-weight labels through a supplied-weight character action on the component-labelled product of mapped ranges; the operator and selected-support kernels are exactly six-element, with nonvacuity, invariance, nonconflation, and kernel-mutation controls","typed_finite_exterior_component_and_weight_bridge","Particle paper plus ExteriorComponentBridge, QuantumMatterIntegration, and B10EdgeCenterAction Lean modules","An exterior census or binding, supplied-weight action law, exact operator or selected-support kernel, support nonvacuity or invariance, universal-minus nonconflation, or mutation control fails under its stated inputs"
"OPH-FINITE-BORN-FRAME-RANK-GAP","Finite frame functions, informationally complete qubit measurements, Gleason and Busch representation theorems, and operator-algebra generation","Dimension counting, commutator generation, conjugation symmetry, and tomography on a fixed qubit frame are standard; continuity, binary normalization, and finite unsharp webs are weaker than full effect-additivity hypotheses","Exact Q(sqrt(5)) and Q(sqrt(3),i) linear algebra, finite-context normalization, qubit tomography, finite effect-valuation representation, and exact integer recounts","Separates the classical source atoms and realized gauge labels from the declared spinor/projector adapter, proves the exact rank and finite-web no-gos, constructs the missing Pauli-Y direction from a source-attached algebraic pair, proves fixed-trace tomography and the conjugation orbit, and records a post-hoc raw-count orientation diagnostic without promoting it to source selection or validation","source_audited_frame_no_gos_with_exact_algebraic_phase_lift_and_post_hoc_orientation_boundary","Observers paper; FiniteBornFrame, FiniteWebBornNoGo, SourceContextTomographyNoGo, SourcePhaseLiftBridge, ConjugationGauge, RepairCurrentOrientation, and SourceOrientedCompletion modules","A rank, representation, phase-lift, tomography, conjugation-orbit, recount, designation, normalized-product, or typed-applicability theorem fails, a nonlinear control gains affinity or loses probability/normalization, the real closure produces the phase effect, or fabricated source outcomes pass"
"OPH-PUBLIC-WORLD-ENDPOINT-FINITE","Kernel quotients, finite abstract rewriting, Church-Rosser normal-form uniqueness, and quotient-compatible dynamics","Kernel quotients and termination-plus-confluence uniqueness are standard; a terminal postcondition is not scheduler fairness","Lean quotient types, well-founded finite repair, confluence, and the existing OPH repair/gauge stack","Connects a literal public-record kernel quotient to the implemented OPH repair and one typed A3 regulator adaptor, proves schedule and representative independence under separate visible premises, and supplies countermodels for each indispensable boundary","bounded_public_quotient_endpoint_with_typed_realization_firewall","Observers-paper A4 endpoint row plus PublicWorldQuotient and FixedPointEndpoint Lean modules","Quotient exactness, completion existence, endpoint uniqueness, representative independence, descended idempotence, OPH adaptation, or one of the three controls fails"
"OPH-CANONICAL-LORENTZ-MODULE","Pauli matrices, Hermitian two-by-two matrix models of Minkowski space, celestial spheres, hyperboloid frames, and Lorentz rest spaces","The Herm2-Minkowski correspondence and celestial/hyperboloid models are standard finite-dimensional geometry","Explicit Pauli-coordinate determinant algebra, finite-dimensional quotient and kernel calculations, and the existing Einstein coordinate convention","Provides one machine-checked intrinsic (+---) Lorentz module with celestial rays, algebraic frames, positive rest spaces, and an exact sign-correct bridge into the Einstein tensor stack while making physical soldering a separate typed obligation","intrinsic_Herm2_Lorentz_module_with_typed_Einstein_coordinate_handoff","Observers-paper C1 geometry row plus five Geometry Lean modules","The Pauli representation, determinant, inertia, celestial inverse, frame bound, rest-space dimension or positivity, or Einstein sign/null/future bridge fails"
"OPH-FINITE-CAUSAL-OBSERVER-NET","Finite AQFT nets, isotony and algebraic locality, presheaf descent, conditional expectations, and tensor-split no-signalling","Proof-carrying finite nets and restriction-gluing interfaces are standard; ordinary isotony does not supply homomorphic restriction retractions, unique gluing, genuine coverage, or source-selected regional factorization","Finite matrix star subalgebras, A3 refinement pairing, B2 idempotent relaxation, matrix-unit conditional expectations, and the generic B4 basis-reindexed marginal identity","Packages declared finite regions, repair locality, expectations, and gluing; proves counted-transition/field-projector generation; constructs a two-slot conditional-expectation diamond; and on the separate 86/247 carrier supplies fully disjoint supports plus an exact counted correlated state and marginals. The erasure theorem excludes reconstruction from those two marginals alone, not richer descent, alternate carriers, or source-selected joints. The committed tower anchoring and shared-observer theorem relate the 86/88 and 86/247 carriers without identifying them","proof_carrying_finite_observer_net_with_conditional_source_operator_cp_diamond_and_support_disjoint_counted_correlation","Observers-paper E1 row plus FiniteCausalObserverNet, ObserverNetDescent, SourceOperatorGeneration, JointSlotFactorisation, CPRestrictionNet, TwoSlotCPNetWitness, TowerAnchoredDiamond, SourceCorrelationCapstone, and StructuralNetAdequacySurface Lean modules","A declared net, repair, refinement, expectation, restriction-gluing, source-operator, slot-factor, CP-diamond, support-disjoint correlation, pinch, transport, properness, or negative-control theorem fails, or a source closure conflates the two carriers or promotes marginal noninjectivity into a no-go against richer descent"
"OPH-THERMO-FOUR-LAW-PACKAGE","Jaynes maximum-entropy thermodynamics, Lindblad-Uhlmann relative-entropy monotonicity, and stochastic-thermodynamics H-theorems","The information-projection identity, data-processing inequality, finite H-theorem, and projector-spectrum argument are standard mathematical ingredients","Finite information projection, Markov kernels, exact rational spectral algebra, and data processing","Combines two typed information-projection problems into a conditional four-law package and records the separately scoped B12 direct-binding and B20 declared-random-scan negative results without making them premises of the exact package; the closed #732 milestone packages the conditional interface while #739 owns surviving source-side premise work and PR-15 remains an empirical import","conditional_finite_thermodynamic_package_with_scoped_source_negative_controls","Observers-paper thermodynamics section, flagship conditional-repair subsection, and CommonReferenceObstruction packet","An exact finite identity fails, or any unresolved source/tail/calibration premise is omitted while a physical derivation is claimed; bounded B12/B20 controls are falsified under the separate source-audit row"
"OPH-THERMO-SOURCE-REALIZATION-AUDIT","Finite-state Markov-chain quotient selection, stationary H-theorems, communicating classes, and lumping/intertwining","Stationarity, support decomposition, and idempotent-spectrum constraints are standard finite Markov-chain theory","Finite data processing, exact rational spectral algebra, and bounded matrix enumeration","Exhausts all field-subset and recurrent-class routes, then proves the pinned state/transition pair cannot be bound by a mode-preserving heat-bath intertwiner or deterministic empirical pushforward, and the B20 exact preflight excludes nonconstant protected observables in its two-arena declared random-scan grammar; the closed #732 milestone records their conditional interface while #739 owns source-side premise discharge","bounded_current_artifact_direct_binding_and_declared_random_scan_no_gos","Observers-paper source audit, CommonReferenceObstruction Lean module, exact Fraction verifier, and mutation tests","A pinned rebuild changes the quotient classification, recurrent kernel, exact eigenpair, stationary law, sample denominator, intertwiner no-go, empirical-grid obstruction, stationary-kernel theorem, or a B20 custody/scheduler/fixed-space receipt"
"OPH-FINITE-TRANSPORT-GREEN-KUBO-DIFFUSION","Finite reversible Green--Kubo theory, Poisson resolvents, graph diffusion, Fick and Fourier laws","Dirichlet forms, Onsager symmetry, finite graph summation by parts, and constitutive diffusion laws are standard mathematics","Finite reversible Markov kernels, linear Poisson solvers, and finite oriented graph algebra","Separates resolvent transport, graph constitutive updates, and physical calibration, and proves the OPH-specific model-selection obstruction that one idempotent full-fibre publicization projector cannot supply a nonzero decaying correlation tail with stabilizing Green--Kubo sums","finite_transport_kernel_with_projector_memory_obstruction","Observers-paper finite transport theorem and Lean B8 package","A finite identity, witness, or control fails; physical transport is claimed without source receipts for its evolution, equilibrium reference, conserved quantity, geometry, distance, clock, coefficient, boundary, and readout; or a nonzero decaying positive-lag tail is claimed for an idempotent time-step"
"OPH-FINITE-CONSERVATION-WARD-PRECURSOR","Finite graph continuity and Gauss laws, cycle-space/Hodge ambiguity, and Heisenberg fixed-observable conservation criteria","Incidence cancellation, neutral-load solvability, rank-nullity, and dual fixed-point conservation are standard finite mathematics","Finite oriented incidence algebra, finite-dimensional rank-nullity, and nondegeneracy of the finite expectation pairing","Connects the source-selected twelve-port seam incidence to exact regional and Gauss statements, supplies a covariance-without-conservation counterexample, and routes continuum promotion through a guarded manifest with shrinking scale, separating tests, and a finite residual whose zero continuum limit is derived while its physical meaning remains separate","source_incidence_conservation_with_typed_ward_promotion_boundary","Screen-microphysics finite conservation theorem and B5 Ward bridge","A finite identity or counterexample fails, the finite-residual limit theorem fails, or a continuum Ward claim bypasses the guarded manifest and its concrete physical evidence"
"OPH-FINITE-LOCALITY-NOSIGNALLING","Local-update dependency cones and classical or quantum no-signalling identities","Neighborhood-growth induction, marginal preservation by row-normalized kernels, and partial-trace preservation by Kraus-complete local maps are standard finite mathematics","Finite local-update induction and finite matrix algebra","Checks the cone upper bound against the concrete OPH localRepair; the conditional E1 two-slot packet consumes its partial-trace helper on a declared product. A finite 86/247 correlation datum is attained separately; source selection of the regional carrier/split, richer descent, and a common carrier are not supplied","standard_helper_formalization_with_concrete_repair_instantiation","Consensus-paper finite locality theorem and Lean B4/E1 packet","A finite dependency, marginal, declared slot-factor, noninjective-correlation, or pinch identity fails, or a physical causality/source-regional claim bypasses scheduler-locality, region-factor, correlation/descent, distance, clock, state, or channel receipts"
"OPH-ADAPTIVE-SCHEDULER-LOCALITY-HELPER","Adaptive local algorithms, dependency cones, and naturality under graph maps","Consulted-state scheduling and cone induction are standard finite mathematics","Finite induction, functional extensionality, and declared intertwining laws","Checks the adaptive cone against concrete localRepair, makes the consultation region indispensable by an explicit control, and keeps the scheduler/refinement provenance as named inputs","conditional_exact_adaptive_locality_helper_with_consultation_countermodel","E2 adaptive-scheduler helper in AdaptiveScheduler Lean module","ConsultsOnly does not control the adaptive run, the consultation term is droppable, a declared refinement fails cone/run naturality, or source/physical channel semantics are claimed without receipts"
"OPH-FINITE-HISTORY-VARIATIONAL-HELPERS","Finite Gibbs information projection, discrete variational calculus, conditional resampling, Legendre transforms, and inverse-problem identifiability","The positive exponential tilt, finite Gibbs concentration, scalar discrete variational calculus, conditional counting/trivial-data kernel identity, and polynomial extension freedom are standard mathematics","Finite information projection, real differential calculus, finite-set cardinality, finite conditional repair, and exact polynomial Legendre algebra","Machine-checks the finite-to-real variation obstruction, same-history real-enrichment nonidentifiability, and an explicit regular two-parameter corner-invisible counterfamily showing that mode extremality fixes only one restricted ansatz; also checks the target-scrambling reference normal form, conditional counting/trivial realization of its transition kernel with scale and initial-law controls, bare-action multiplier uniqueness under nonconstancy, unique positive-parameter matching at the supplied empirical target, and a scoped stationary-maximum counterexample without claiming a saddle or stationary-phase no-go","conditional_helpers_with_explicit_two_parameter_enrichment_counterfamily_and_reference_kernel_controls__complete_source_reference_open","Observers-paper conditional history helpers plus SourceReferenceSelection, SourceHistoryPacket, LogTransitionAction, ModeExtremalEnrichment, and StationarySaddleCoverage Lean modules","A helper, finite-variation obstruction, two-parameter real-enrichment counterfamily, conditional reference-kernel, scale/initial-law, multiplier, or mode/minimizer control theorem fails, or a physical least-action or stationary-phase claim bypasses the complete source reference, selected real enrichment, saddle/amplitude, clock, field, continuum, or current gates"
"OPH-FINITE-HOLONOMY-CHARACTER-PHASE","Finite lattice connections, Wilson-loop holonomy, vertex recharting, algebraic two-path character phases (an Aharonov--Bohm analogy only), and characters of cyclic groups","Path transport, conjugacy of based holonomy, conjugacy-class and class-function invariance, and cyclic-root quantization are standard finite gauge algebra","Endpoint-typed paths, group-valued transport, unitary characters, and finite cyclic groups","Packages the relevant identities into one executable OPH completion-lane contract with a four-vertex path/face control having two declared flat faces and a separate undeclared, unfilled loop, plus a strict source-to-laboratory attachment firewall; it makes no puncture or noncontractibility claim","typed_finite_holonomy_interference_packet_with_attachment_firewall","Gauge-paper finite holonomy proposition plus HolonomyInterference Lean module","A path-ratio, rechart, character-phase, four-vertex path/face-control, or cyclic-order theorem fails under its stated inputs"
"OPH-ALGEBRAIC-EVENT-FRAME-SOLDERING","Affine Lorentz atlases, Poincare cocycles, celestial null directions, observer hyperboloids, and Lorentz-orthogonal rest spaces","The component affine/Lorentz covariance identities and quotient descent are standard differential-geometric or finite-dimensional algebraic facts","C1 Herm2 Lorentz geometry, an affine cocycle plus a separately supplied overlap-compatible chart-coordinate family, quotient descent, and the existing FrameQuotient Gram theorem","Derives displacement, celestial, frame, and rest-space covariance from the supplied cocycle and coordinate-overlap law, proves an exact source-quotient/rest-fiber candidate bridge, includes a nontransitive-overlap control, retains every source and physical event-manifold receipt in one premise-reduction theorem, and does not identify standalone quotient descent with the atlas coordinate family","single_cocycle_four_soldering_theorem_with_exact_premise_firewall","Spacetime-paper bounded C2 proposition plus five Geometry Lean modules","A quotient-descent, coordinate-overlap, cocycle, displacement, celestial, frame, rest-isometry, candidate source-bridge, control, or premise-reduction theorem fails"
"OPH-QFT-STRUCTURAL-INHERITANCE-MATRIX","Finite-dimensional Gibbs/KMS identities, innerness of finite matrix-algebra automorphisms, DHR sector theory, locally covariant QFT, and structural QFT reconstruction theorems","The finite matrix identities and automorphism-innerness input are standard; full CPT, spin-statistics, DHR, field reconstruction, relative-Cauchy response, and scattering require structures not supplied here","Finite matrix exponential and trace algebra, full-block star-automorphism innerness, finite poset-category machinery, and the separately proved finite one-step and global-Hodge precursors","Makes the structural-inheritance boundary executable as a seven-row kernel-checked partial matrix: the restricted sector and Gibbs/KMS rows carry theorem-shaped surrogates, rows 4 and 6 acknowledge exact finite precursors without promotion, and every full-target exit names its missing carrier or producer","typed_structural_inheritance_status_matrix_with_scoped_precursors_and_negative_promotion_firewall","Consensus-paper structural QFT status table plus StructuralInheritance, SectorInheritance, PathTimeSliceInterface, PositionSpaceMaxwellAction, and InheritanceMatrix Lean modules","A matrix count or row anchor fails, a declared finite counter-reading fails, a row-4 or row-6 precursor is omitted or promoted beyond its theorem, or an exit remains unchanged after completed target structure lands"
"OPH-FINITE-UNITARY-SCATTERING-LIMIT-NO-GO","Elementary asymptotics in Hausdorff topological groups and finite-dimensional unitary dynamics","The power-shift and Hausdorff-uniqueness argument is standard and says nothing by itself about Moller operators or scattering theory","Continuity of group multiplication, uniqueness of limits, cancellation, and closedness of the finite-dimensional unitary group","Records the standard obstruction as a kernel-checked fixed-cutoff architecture constraint for the OPH scattering lane and pairs it with an exact identical-relative-evolution control so direct-power failure cannot be promoted into a scattering no-go","formalized_scattering_architecture_constraint_with_relative_limit_control","Consensus-paper QFT inheritance boundary plus FiniteUnitaryScatteringNoGo Lean module","A nonidentity group element has ordinarily convergent natural powers, a finite-unitary ambient power limit exists, or the identical-relative control is not constant"
"OPH-GAUGE-KINETIC-HISTORY-BINDING","Invariant quadratic forms on compact semisimple Lie algebras and finite Gibbs product laws","One coefficient per simple factor, product-normalizer factorization, and exponential-family identifiability are standard mathematics","Compact-Lie invariant-form classification, exact Q(sqrt5) carrier decomposition, and finite exponential-family algebra","Proves the exact F/G three-to-two carrier/ad-invariant dimension drop, then binds the complete P and one full color-bearing F constructed history kernel and proves that only common scaling is multiplier gauge, so the relative factor coefficient is identifiable but remains source-unselected","exact_carrier_to_ad_invariant_form_drop_and_constructed_multifactor_history_identifiability","Standard Model gauge kinetic subsection, E9 certificate, GaugeKineticInvariantForms, and TwoFactorHistoryBinding","A certified kinetic block or sqrt(5) relation changes, product factorization fails, constructed-kernel equality admits an independent relative-coefficient change, a full-family literal is wrong, or any source-selection claim bypasses the retained gates"
OPH-GEOMETRY-INVERSE-SQUARE-SHELL,"Textbook Gauss-law inverse-square arguments","The flux-normalization step is the standard Gauss argument","Euclidean ball-volume scaling","Exponent derived as committed-carrier finrank minus one; flux premises are audited register rows","dimension_forced_inverse_square_shell_law","Inverse-square shell law on the completion carrier","Ball-volume exponent differs from carrier finrank or a flux instance violates the law"
OPH-GEOMETRY-LAYERED-DISCRETE-GAUSS,"Finite-graph divergence theorems and discrete radial-shell bookkeeping","The regional divergence and inverse-square division steps are standard once the shell data are supplied","Finite sum identities and rational field algebra","Names all three discrete shell premises, proves their finite-depth consequence with an inhabited witness, records two exact global finite-carrier obstructions, and bridges to the committed twelve-port incidence law","premise_complete_depth_bounded_discrete_gauss_law_with_finite_carrier_no_gos","Layered discrete Gauss theorem and finite-carrier boundary","A depth-bounded identity, nonvacuity witness, global obstruction, or twelve-port bridge fails under its stated inputs"
"OPH-EM-POSITION-SPACE-MAXWELL-COULOMB","Discrete Hodge theory, graph Laplacian Green functions, and the Thomson variational principle","Graph Green functions and discrete electrostatics are standard mathematics","Finite graph Laplacian and orthogonal-projection linear algebra","Exact rational Green matrix and Thomson-unique Coulomb solution on the OPH seam carrier, plus a separate global Hodge-projector action, its rank-nineteen Lie-algebra/dimension companion to the compact U(1)^19 classification, the repair-operator identity, and the explicit control that the Coulomb coboundary is annihilated rather than joined to that action","exact_OPH_carrier_coulomb_green_and_global_hodge_nonjoin_package","DiscreteCoulombGreen and PositionSpaceMaxwellAction Lean modules; exact replay is scoped to the pinned Green/Thomson/repair surface","A Laplacian-Green, kernel, Thomson-uniqueness, global-projector, Coulomb-annihilation, or gauge-conservation identity fails on the committed incidence"
"OPH-QUANTUM-TSIRELSON-SATURATION","Standard CHSH saturation by the Bell state and rotated measurements","The Bell-state saturation computation is textbook quantum information","Finite matrix algebra and trace expectation bounds","Attainment on the committed PR-44 slot interface with certified real events and Kraus data, plus an exact bound for one fixed record-diagonal state with jointly diagonal readouts; this isolates nonclassical coherence and noncommutativity, not specifically a complex PR-04 phase","exact_OPH_slot_interface_tsirelson_saturation_and_diagonal_delimitation","TsirelsonSaturation Lean module","The declared witness misses 2*sqrt(2) or a fixed diagonal state with jointly diagonal bounded observables exceeds 2"
"OPH-QUANTUM-OPERATIONAL-PHASE-INTERFACE","Operational quantum tomography and POVM instrument formalizations","POVM calculus and informational completeness are standard","Finite matrix algebra and POVM effect calculus","Types an ideal static phase-POVM/count-fit model, preserves exact tomography and blindness delimitations, and constructs a synthetic inhabitant proving that exact fit alone is not a source operation, producer receipt, or PR-04 discharge","exact_OPH_ideal_phase_fit_with_synthetic_non_discharge_counterreceipt","OperationalPhaseInstrument Lean module","The ideal model fails identification, a diagonal effect satisfies phase sensitivity, or the synthetic no-producer inhabitant fails"
"OPH-QUANTUM-TIME-SLICE-INTERFACE-DELIMITATION","Algebraic QFT time-slice axiom formulations","The time-slice axiom wording is standard algebraic QFT","Finite matrix algebra and star-algebra reindexing","Separately tower-anchors both committed carriers, proves their shared-observer marginal hinge without a carrier map, and supplies a corrected transport-aware finite one-step interface while retracting the raw-generation forced-invariance inference","exact_OPH_parallel_tower_anchor_hinge_and_transport_aware_one_step_interface","TowerAnchoredCorrelation and PathTimeSliceInterface Lean modules","The anchoring, hinge agreement, corrected inhabitant, or evolved single-projector failure is wrong on the committed data"
"OPH-MECH-ENRICHMENT-CHARACTERIZATION","Inverse problems of the calculus of variations and Lagrangian nonuniqueness","Lagrangian underdetermination by dynamics is classical","Real polynomial linear algebra and Frechet derivatives","Exact quadratic classification and clause necessity inside that grammar, followed by a regular quartic continuation proving that velocity-only form, stationarity, single-site minimality, and momentum inversion do not select globally","exact_OPH_quadratic_characterization_with_regular_quartic_nonselection_boundary","EnrichmentCharacterization Lean module","A quadratic classification receipt fails or the declared quartic continuation loses one of its corner, stationarity, minimum, Hessian, inversion, or nonquadratic controls"
"OPH-THERMO-COHERENT-REFINEMENT-ENVELOPE","Third-law formulations via spectral gaps and density-of-states bounds","Gap-based low-temperature bounds are standard","Geometric tail bounds and finite Gibbs calculus","Implements a directed coherent tail envelope, proves concentration and an unbounded-cardinality separation on the same data, and records that the full structures are nonnested and the old four-law record is paired through a separate degenerate witness","exact_OPH_directed_tail_envelope_with_cardinality_separation_and_composition_boundary","CoherentRefinementFamily Lean module","The envelope fails concentration, the ladder fails unbounded-cardinality separation, or the companion conjunction misstates which family enters the old conclusion record"
"OPH-EM-LOCAL-FACE-MAXWELL-STATIC-COMPOSITION","Discrete exterior calculus and finite lattice Maxwell actions","Local face-curvature gauge actions and graph Coulomb functionals are standard","Finite cellular Laplacian and quadratic variational calculus","Exact committed-face rank/kernel theorem, five-neighbor local seam operator, gauge-conservation equivalence, scalar Green minimum, and a typed direct-product composition that does not conflate port charge with seam current","exact_OPH_local_face_Maxwell_and_scalar_Coulomb_static_composition_with_typed_source_firewall","LocalFaceMaxwellAction Lean module and independent exact replay","A face-incidence, rank, support, gauge, stationarity, minimum, or exact-replay receipt fails"
"OPH-QUANTUM-TRIPLE-CARRIER-JOIN","Couplings and marginal extensions of finite probability and density matrices","Finite couplings and partial traces are standard","Finite matrix partial trace and permutation star equivalences","One exact triple-observer carrier recovers both committed pair paths, counted states, checkpoint partitions, and all 31 adjacent-step evolutions, with explicit nonuniqueness and nonpromotion firewalls","exact_OPH_triple_observer_coupling_with_pair_marginal_and_evolution_intertwining_firewalls","TripleCarrierJoin Lean module","A path, count, state, checkpoint, adjacent-step, marginal, or nonuniqueness receipt fails"
"OPH-THERMO-COFINAL-SPECTRAL-TAIL-COMPOSITION","Third-law formulations on cofinal regulator nets and density-of-states bounds","Cofinality and uniform spectral-tail arguments are standard","Finite Gibbs bounds and order/cofinality theory","One supplied ambient-cofinal family with strict carrier growth carries every refinement conclusion of a directly constructed finite four-law core; constant finite-carrier false greens are formally excluded and an unbounded ladder inhabits the exact interface","exact_OPH_ambient_cofinal_four_law_rethreading_with_constant_carrier_false_green_exclusion","CofinalSpectralTailFamily Lean module","A cofinality, progress, envelope, ladder, supplied-calibration-to-mass-equality, same-family, or no-hidden-old-refinement receipt fails"
OPH-GEOMETRY-KINEMATIC-MASS-SHELL,"Special-relativistic four-momentum kinematics","The mass-shell algebra is textbook special relativity","Lorentz quadratic-form and scalar-multiple algebra","The shell identity, rest characterization, oriented-chart invariance, and massless branch are machine-checked consequences of the committed frame-hyperboloid normalization with the declared mass parameter and every missing physical attachment named","kinematic_mass_shell_from_frame_hyperboloid_normalization","Kinematic mass shell on the declared Lorentz module","A shell, rest, transport, or null identity fails under its stated hypotheses"
OPH-EM-TEMPORAL-MAXWELL-EVOLUTION-CONTINUITY,"Discrete exterior calculus and staggered leapfrog Maxwell integrators on cell complexes","Staggered electromagnetic leapfrog updates and discrete continuity identities are standard","Finite cellular Laplacian linear algebra and discrete leapfrog integrator algebra","Conditional on the declared PR-66 unit-step update, proves the typed continuity equivalence, Faraday identity, staggered quadratic-form balance, gauge invariance, zero-current neutral-load Coulomb join, and wave recursion. The form is not proved positive and exact spectral modes exceed the unit-step stability threshold, so stable propagation is not certified","conditional_temporal_identities_with_exact_unit_step_stability_boundary","TemporalMaxwellEvolution Lean module","A conditional identity, spectral-instability statement, or timestep bound fails"
OPH-QUANTUM-HINGE-FIBERED-JOIN-AND-SLICE-REGION-DICHOTOMY,"Pushouts and amalgamated couplings of finite-dimensional algebras and states","Linear pushouts over a shared subspace and finrank counting are standard","Finite-dimensional linear algebra over C with quotients and finrank; finite matrix star algebras and reindexing","Supplies the first typed object into which both committed carriers embed at their diagonal (record) function layer, with exact hinge gluing receipts (dimension 338, hinge-image intersection, marginal compatibility) that block a trivial direct-sum green, and settles the region-family freedom of the corrected one-step interface in both the delimitation and the existence direction","exact_OPH_hinge_pushout_with_transport_intertwining_and_time_slice_region_dichotomy","CarrierJoinTransport Lean module","An embedding, hinge-agreement, dimension, intersection, marginal, transport-square, slice-constancy, slot-exchange, or alternating-inhabitant receipt fails"
OPH-QUANTUM-PHASE-MODEL-DETERMINATION-BOUNDARY,"Qubit state tomography and POVM effect calculus","Affine dependence of Born frequencies on state coordinates is standard","Finite matrix algebra and POVM effect calculus","Reduces the ideal static phase-effect model to one complex state coordinate, characterizes phase sensitivity, and derives a decidable integer window. It leaves operational additivity, CP instrument realization, common preparation, outcome readback, provenance, and custody open under PR-03, PR-64, and PR-65","exact_static_state_coordinate_reduction_with_decidable_count_window","PhaseInstrumentDetermination Lean module","A phase-sensitivity characterization, state-pinning, affine-frequency, closed-form, determination-equivalence, window, positivity, or minimal-mass receipt fails"
OPH-GEOMETRY-INTERNAL-CLOCK-REST-FREQUENCY,"De Broglie internal-clock and Zitterbewegung phase kinematics","The rest phase mass times proper time and the de Broglie phase-gradient relations are textbook relativistic kinematics","Finite-dimensional real linear algebra and complex exponential derivative calculus","The internal-clock rest identity, its oriented-chart invariance, the exact 2 pi over mass period rigidity, the per-orientation de Broglie readouts, and the zero-mass degeneracy are machine-checked from the committed frame-hyperboloid normalization and one declared plane-wave form, with a shell-completeness lemma closing the parameterization-coverage gap of the committed packet","internal_clock_rest_frequency_from_frame_hyperboloid_normalization","Internal clock rest frequency on the declared Lorentz module","A rest-phase, rotation-law, chart-invariance, period-rigidity, phase-gradient, zero-mass, no-rest-chart, or shell-completeness identity fails under its stated hypotheses"
OPH-SCREEN-ELECTROWEAK-BREAKING-COMPOSITION,"Classical electroweak symmetry breaking and Goldstone counting in the Standard Model Higgs sector","Quartic-shell minimization, unbroken-generator counting, and tree-level W/Z mass forms are textbook","Complex and real field algebra and finite table kernel checks","On the declared finite PR-67--PR-69 grammar, checks the minimizer shell, stabilizer, Goldstone kernel, algebraic broken-direction coefficients, one Yukawa-line coefficient, and ray quadratic coefficient. The model-shell radius r corresponds to v_SM/sqrt(2) only if the same conventional vector is identified; physical kinetic, vacuum, Yukawa-matrix, and source-action attachments remain PR-48--PR-50 and PR-54","composed_finite_symmetry_breaking_inhabitant_with_normalization_boundary","ElectroweakBreakingComposition Lean module","A minimizer, stabilizer, ray-expansion, Goldstone-kernel, coefficient, Yukawa-line, or sector charge-balance receipt fails"
OPH-MECH-POLYNOMIAL-BOOST-SELECTION,"Null Lagrangians and total-divergence freedom in the discrete calculus of variations","Null Lagrangians and Lagrangian gauge freedom under point symmetries are classical","Real polynomial linear algebra, Hasse derivative coefficient extraction, and real derivative calculus","Extends the committed enrichment classification from the quadratic grammar to polynomials of every degree bound, supplies the first named clause excluding the audit quartic while keeping the committed point, proves the exact quadratic-affine characterization on the velocity-only slice uniformly in the degree bound, and machine-checks that the first-order clause form is unavailable at the committed point and that the second-order form does not force quadraticity in the full two-slot grammar","second_order_boost_null_selection_with_first_order_impossibility_and_antisymmetric_cubic_boundary","PolynomialEnrichmentSelection Lean module","A quadratic-grammar boost receipt, velocity-slice characterization, quartic-failure witness, composed selection, survivor exhibit, or antisymmetric-cubic delimitation fails"
OPH-SCREEN-ASSEMBLED-STRUCTURAL-ACTION,"Textbook electroweak Lagrangian assembly of gauge kinetic, Higgs potential, gauge mass, and Yukawa sectors","Summing sector terms into one action functional and checking a global phase invariance are standard","Real and complex field algebra and integer zpow group arithmetic","Three separately committed sector functionals are machine-checked to sum as one action on one carrier tuple, with exact sector restrictions, constraint-row coefficient invariance, exact abelian phase invariance at the committed charge balance, exact complex recovery of the realified Yukawa line, and the gauge kinetic sector entering as a declared diagonal pairing on the committed weight space with every declared parameter and missing physical attachment named","first_composed_assembled_action_from_committed_sector_receipts","AssembledActionComposition Lean module","A sector-restriction, constraint-row, F-collapse, abelian-invariance, complex-recovery, or base-normalization receipt fails"
OPH-QFT-CAUSAL-ORDER-COMPOSITION,"Order embeddings of finite causal sets into Minkowski causal cones","The Minkowski causal relation as a partial order and finite causal-set order embeddings are standard","Finite-dimensional real linear algebra and Lorentz quadratic form algebra","The committed finite observer-net region orders are machine-checked to be order-isomorphic onto their images inside the declared Lorentz cone, with injectivity, nondegeneracy on four distinct doubletons, disjointness-to-spacelike, full oriented-chart and overlap-cocycle invariance, and the declared status of the embedding proved by exhibiting a second distinct witness","finite_causal_order_to_cone_order_composition","CausalOrderComposition Lean module","An order-equivalence, injectivity, nondegeneracy, spacelike-disjointness, chart-invariance, cocycle-invariance, or partial-order receipt fails"
OPH-GEOMETRY-FREE-EVOLUTION-PERSISTENCE,"Free plane-wave evolution and de Broglie phase kinematics under translation flows","Phase evolution of free plane waves under a translation flow is textbook relativistic kinematics","Finite-dimensional real linear algebra, Lorentz quadratic form algebra, and complex exponential derivative analysis","Machine-checks pointwise unit-modulus phase covariance, shell and label invariance, and the internal-clock identity for declared plane-wave functions. It constructs no normalized Hilbert-space state, survival probability, localized packet, or decay observable","pointwise_plane_wave_modulus_and_phase_covariance_packet","FreeEvolutionPersistence Lean module","A group-law, shell-invariance, label-conservation, pointwise-modulus, clock-identity, or zero-mass receipt fails"
OPH-EVENTALGEBRA-SOURCE-REACHABILITY-DIAGONAL-CHSH,"CHSH classical bounds for diagonal states and free-operation closures in quantum resource theories","The classical CHSH bound 2 for jointly diagonal readouts on diagonal states is standard","Finite-dimensional complex matrix algebra and the committed diagonal CHSH bound","Makes the enumerated reachable class exact, proves the classical ceiling only for jointly record-diagonal readouts, and blocks diagonality-preserving production only for the declared Bell-state target. Slot-local unit-interval readouts are bounded by the companion product-split claim; readouts that are not slot-local with respect to the split are outside the no-go","reachability_closure_with_target_specific_CHSH_delimitation","SourceReachabilityDelimitation Lean module","A closure, nonvacuity, jointly-diagonal CHSH-bound, strict-gap, or target-specific non-diagonal obstruction fails"
OPH-EVENTALGEBRA-PAULI-MINIMAL-COUPLING-SQUARE,"Pauli algebra sigma_a sigma_b = delta_ab + i epsilon_abc sigma_c and the Pauli Hamiltonian derivation of g = 2","The Clifford square identity and the factor-two spin coupling of the Pauli Hamiltonian are textbook","Complex matrix algebra and Levi-Civita contraction algebra","The factor two of the gyromagnetic ratio is machine-checked as the exact coefficient of the Clifford square on declared commutation data, with the commuting branch proved in the forward direction only, a concrete Pauli-matrix inhabitant at q = 2 with nonzero spin term, and a coefficient-discrimination lemma turning the factor-two reading into a falsifiable exact statement","gyromagnetic_two_precursor_from_clifford_square","PauliMinimalCoupling Lean module","A Clifford-square, cross-collapse, coefficient, commuting-branch, inhabitant, or coefficient-discrimination receipt fails"
OPH-SCREEN-GLOBAL-FORM-CHARACTER-DESCENT,"Z6 center-character descent bookkeeping for Standard Model global gauge-group forms","The congruence 2t + 3d + q = 0 mod 6 for Z6 descent is standard representation arithmetic","Finite ZMod and integer arithmetic with decidable enumeration","The descent congruence is machine-checked as an iff against the full committed kernel action, applied row by row to the committed matter table, delimited by a blocked control label and an exact one-sixth count with equidistributed fibres, and composed onto the bundled selection mask","exact_character_lattice_descent_receipt_for_the_global_form_bundle","GlobalFormCharacterDescent Lean module","A descent-criterion, table-row, control-label, counting, fibre, or bundled-mask receipt fails"
OPH-GEOMETRY-EVENT-POPULATION-CHART-INTERFACE,"Axiomatic event-manifold and chart-atlas constructions in special relativity","Injective charts, invariant Lorentz intervals, and cone orders are textbook","Finite-dimensional real linear algebra and Lorentz quadratic-form algebra","The open event-manifold obligations are typed as one antecedent bundle whose composed consequence reuses the committed cone, cocycle, and order-equivalence receipts, with a finite committed-data witness and both dropped-clause counterexamples exhibited","typed_event_manifold_interface_from_committed_causal_order_composition","EventPopulationChartInterface Lean module","An inhabitant violates a package clause, the witness violates a clause, or a weakened bundle refuses its exhibited counterexample"
OPH-SCREEN-FERMION-SECTOR-ASSEMBLY,"Standard Model fermion bilinears with charge-diagonal structure","Diagonal fermion bilinears forced by charge conservation are standard","Real and complex field algebra with root-of-unity divisibility arithmetic","The committed charge column is machine-checked to force the diagonal shape of the fermion bilinear on the committed mask rows, and the fermion sector extends the committed assembled action with exact restriction, invariance, shared-row identification, census, inhabitant, and control receipts","charge_forced_diagonal_fermion_sector_on_committed_assembled_action","FermionSectorAssembly Lean module","A row-pair invariance, restriction, identification, census, inhabitant, or control receipt fails"
OPH-GEOMETRY-COMMON-WORLD-TWO-ISLAND-WITNESS,"Model-theoretic simultaneous satisfaction of axiom packages on one structure","Conjoining independently proved receipts on one record is routine logic","Committed kinematics and screen receipts with finite-dimensional real linear algebra","Six committed lane receipts are simultaneously inhabited by one typed record with definitional shared-field identifications, four cone-order join theorems, and the twelve-port port-dual evaluation, with the missing cross-island dictionaries and every absent lane named","simultaneous_multi_lane_receipt_inhabitation_on_shared_typed_objects","CommonWorldKinematicsWitness Lean module","A bundled receipt fails at the record's fields, a join theorem fails, a port-dual weight differs from one twelfth, or the record type is uninhabited"
OPH-QUANTUM-PHASE-OPERATION-RECORDED-DECISION-ATTAINMENT,"Deterministic arithmetic expansion of Born weights for declared effects","Exact Born arithmetic for a declared projector on a diagonal matrix is standard","Finite matrix algebra, POVM effect calculus, and exact quadratic-field arithmetic","Provides a static semantic-conformance fixture: a deterministic calculator and independent verifier expand declared Born weights into least-denominator integer pairs, while Lean proves arithmetic consequences of stored Born-fit fields. It supplies no instrument, source reachability, observation, or validation","declared_phase_effect_static_count_conformance_fixture","OperationalPhaseAttainment Lean module and phase_operation_producer receipt","A calculator rerun, verifier check, stored-fit consequence, mass-minimality check, or window clause fails"
OPH-GEOMETRY-REST-FIBER-SHELL-TRANSPORT,"Lorentz boost identification of rest spaces and the inverse-square shell law","The boost shear onto a frame's orthogonal complement is textbook special relativity","Finite-dimensional linear algebra, Lorentz quadratic-form algebra, and mathlib ball volume","The dimension-forced inverse-square shell law lands on the rest space of every declared observer frame through one typed boost-shear isometry that extends the committed standard-frame screen bridge, with oriented-chart invariance and the screen Gram chain carried into the fiber","shell_law_transport_to_observer_rest_fibers","RestFiberShellTransport Lean module","An equivalence, metric-pullback, radius, transported-law, exponent, chart-invariance, or screen-chain receipt fails"
OPH-SCREEN-NEUTRAL-CURRENT-DICTIONARY,"Tree-level electroweak neutral-current couplings Q = T3 + Y and T3 - Q sin^2 theta","The photon and Z coupling formulas are textbook electroweak theory","Real and complex field algebra with finite table kernel checks","The Q = T3 + Y reading and the T3 - Q sin^2 shape fall out of the committed unbroken direction and its orthogonal complement rather than being inserted, with the normalization pinned to the committed infinitesimal action and charge-separation and zero-charge witnesses in both committed parity sectors","neutral_coupling_dictionary_from_committed_breaking_directions","NeutralCurrentDictionary Lean module","An alignment, mixing-identity, per-slot coupling, charge-separation, or zero-charge witness receipt fails"
OPH-QFT-JOIN-RECORD-NET-MORPHISM,"Nets of algebras with conditional expectations and pushout gluing of carriers","Isotone region nets and conditional expectations are standard algebraic QFT vocabulary","Finite-dimensional complex linear algebra with Kronecker and diagonal matrix algebra","The committed regional nets, expectations, and walk evolution restrict exactly to the diagonal record layer and transport through the committed hinge-fibered join with embedding morphisms, hinge descent, and step compatibility, while the operator layer's failure to follow is machine-checked: no quotient multiplication exists and the record restriction erases the committed noncommutative locality structure","record_layer_net_morphism_with_kernel_checked_operator_layer_delimitation","JoinNetMorphism Lean module","A characterization, isotony, morphism, expectation, hinge-descent, step, or delimitation receipt fails"
OPH-CONS-SCHEDULER-CLASS-CAPACITY-SPLIT,Scheduler-quantified reachability for finite Markov decision processes and probabilistic model checking,Quantifying a hitting-probability bound over a constrained scheduler class is standard probabilistic verification,Finite Markov first-hit expansion and finite closed-class reachability,"The scheduler dependence of the protected-obstruction development is upgraded from one declared kernel to one declared class: the first obstruction bounds quantified over every scheduler in the class and over a full sub-class are machine-checked, the capacity split behind the sub-classes is typed as named cost functions, and both a hypothesis discharge from the repair dynamics and an in-class counterexample scheduler are exhibited",scheduler_quantified_obstruction_bounds_with_typed_capacity_split,SchedulerClassObstructions Lean module,"An in-class defect hit, a self-update-only cross hit, a failed witness or shared-spend pricing receipt, or the committed repair kernel leaving the class"
OPH-QUANTUM-OPERATIONAL-ADDITIVITY-BOUNDARY,Busch-Gleason theorems deriving the Born rule from effect-valuation additivity,That full additivity of an effect valuation forces the Born form in finite dimension is the finite Busch-Gleason theorem,"Finite Busch-Gleason representation, committed tomographic completion, and finite-dimensional complex linear algebra","Locates PR-03 on a static declared-effect fixture: exact expected frequencies admit the Born valuation, while an explicit matching non-Born countermodel proves that listed context normalizations do not imply full additivity. No operational instrument is constructed",exact_boundary_between_static_expected_frequencies_and_valuation_additivity,OperationalAdditivityBoundary Lean module,"A trace, enumeration, expected-frequency matching, forcing, uniqueness, or countermodel receipt fails"
OPH-QFT-OPERATOR-LAYER-MORPHISM-BOUNDARY,Conditional expectations onto commutative subalgebras and homomorphism obstructions for matrix algebras,That a full matrix factor admits no unital homomorphism into a commutative algebra is standard operator algebra,Finite-dimensional complex linear algebra with Kronecker and diagonal matrix algebra,"Proves the diagonal embedding and the committed positive unital trace-preserving expectation, exhibits its nonmultiplicativity, and excludes the stated multiplicative and unital-homomorphism projection grades. It does not classify all stronger nonmultiplicative or enriched structures",operator_to_record_morphism_boundary_with_scoped_multiplicative_no_gos,OperatorLayerMorphismBoundary Lean module,"An embedding, membership, intertwining, expectation, witness, or stated no-go receipt fails"
OPH-GEOMETRY-COMMON-WORLD-ISLAND-BRIDGE,Isometric identification of quotient inner-product spaces with rest fibers of Lorentz frames,First-isomorphism quotients and isometries of rank-three quadratic forms are standard linear algebra,"Finite-dimensional real linear algebra, Lorentz quadratic-form algebra, and golden-ratio source Gram table algebra","The two islands of the committed common-world witness are joined by one machine-checked typed dictionary whose metric content is forced to the screen source Gram, with the load-bearing role of the metric clause exhibited by an explicit mismatched extension, and every remaining cross-island join named rather than implied",typed_screen_quotient_to_rest_fiber_dictionary_on_common_world_witness,CommonWorldIslandBridge Lean module,"A metric, readback, source-chain, radius, inhabitant, receipt, or doubled-dictionary exclusion receipt fails"
OPH-SCREEN-GAUGE-SECTOR-BRACKET-COMPLETION,Ad-invariant quadratic kinetic forms on reductive Lie algebras and gauge kinetic terms,Block-diagonal invariant kinetic forms with one positive coefficient per simple factor are standard gauge theory,Real and complex field algebra with finite coordinate sum algebra,"The gauge kinetic sector of the machine-checked assembled action is upgraded from a declared diagonal pairing to the committed invariant-form level with the identification, factorization, pinning, infinitesimal-invariance, census, witness, and control receipts all exact, and every declared realization and missing physical attachment named rather than implied",invariant_form_level_gauge_sector_extension_of_committed_assembled_action,GaugeSectorBracketCompletion Lean module,"An axis, factorization, invariance-row, one-ray, restriction, census, control, or off-axis witness receipt fails"
OPH-SCREEN-CHARGED-CURRENT-DICTIONARY,Tree-level charged-current couplings g/sqrt(2) with weak-isospin raising and lowering operators,The W raising/lowering shift operators and the g/sqrt(2) vertex normalization are textbook electroweak theory,Real and complex field algebra with finite table kernel checks,"The charged-current dictionary induced on the committed doublet column by the committed broken directions is machine-checked as exact algebra in the declared constants: the gW/sqrt 2 coupling is derived from the committed pairing normalization rather than inserted, the partner selection rule and singlet annihilation are exact equivalences on the committed table, the one-unit electric-charge step falls out of the committed charge columns, and the charged and committed neutral dictionaries compose through exact operator-commutator identities",charged_coupling_dictionary_from_committed_broken_directions,ChargedCurrentDictionary Lean module,"An orthogonality, shift closed-form, normalization, selection-rule, charge-step, or commutator-join receipt fails"
OPH-COMPUTATION-REPAIR-PROGRAM-BOUNDARY,Finite Boolean circuit simulation by local constraints and width-five permutation programs,Straight-line formula evaluation and finite permutation branching programs are standard computation models,Boolean formula evaluation and finite permutation-group algebra,"Registers an input-specialized one-sweep repair satisfiability theorem and a separate input-independent width-five word program while proving the weak repair relation admits stuttering and keeping fixed-device fair-schedule and complexity claims open",repair_computation_precursors_with_fixed_device_and_schedule_boundary,RepairUniversality Lean module,"The compiled sweep, consensus-output, stuttering, program-independence, or word-evaluation theorem fails"
OPH-QUANTUM-LUEDERS-PHASE-INSTRUMENT,"Lueders instruments and the non-uniqueness of instruments compatible with a given POVM (Davies-Lewis, Ozawa)","That the Lueders instrument of a projector is completely positive, trace-nonincreasing, sums to a CPTP channel, induces the projector, and is repeatable is textbook; that a POVM does not determine its instrument is textbook","Kraus criterion for complete positivity, finite matrix algebra, Lueders conditioning","Types the PR-64 channel clauses as a Lean structure on the committed eight-context effect table, inhabits it with a declared Lueders instrument joined to the committed run fixture, and proves on the committed run state that the declared table does not determine the instrument, marking the Lueders choice as a declared selection. It supplies no source implementation, public outcome, provenance, or custody",declared_conditional_instrument_with_channel_clauses_and_selection_boundary,LuedersPhaseInstrument Lean module,"A table entry fails to be a Hermitian idempotent, a summed channel changes a trace, an outcome trace on the declared matrix differs from the fixture frequency, the two instruments agree on the declared matrix, or a receipt clause fails"
OPH-EVENTALGEBRA-SOURCE-PHASE-EFFECT-SELECTION,Finite exhaustive selection over a source-derived family and equality to a declared effect,Finite search and equality to a supplied target are standard; Lueders instruments and their induced effects are standard,"Finite matrix algebra, decidable exhaustive search, and Lueders conditioning","Derives the noncommuting-pair family from permitted EventAlgebra source fields, uses a target-free selector to choose pair:00-02, proves exact equality to the declared phase slot, connects the 48/12 source relation to the 36/12 canonical bridge, and makes source deletion load-bearing while explicitly rejecting event-witness uniqueness",source_derived_effect_selection,SourcePhaseSelection Lean module,"The source family survives deletion, the selector drifts, exact equality or the 48/12 or 36/12 boundary fails, a load-bearing mutation survives, generated source mismatches, or a receipt clause fails"
OPH-EVENTALGEBRA-PRODUCT-SPLIT-SLOT-LOCAL-CHSH,Separable states satisfy local-hidden-variable bounds (Werner 1989) and the CHSH classical bound for product-diagonal states,The classical bound for separable states against local settings is standard,"Finite-dimensional complex matrix algebra, the pointwise real CHSH bound, and the committed reachability closure","Makes the separability decomposition explicit in the record basis of the declared split, extends the committed reachable-class bound from jointly diagonal to all slot-local unit-interval readouts, and identifies slot-locality relative to the split as the hypothesis that carries the bound, with cross-wing commutation alone shown insufficient by a machine-checked 2*sqrt(2) counter-witness on a product-diagonal state",separability_bound_with_locality_hypothesis_identification,ProductSplitSeparability Lean module,"A separability, reality, slot-local bound, counter-witness, or non-slot-membership clause fails"
OPH-GR-EINSTEIN-BRANCH-INHABITANT,Explicit models of axiom systems and satisfiability witnesses for typed premise bundles,Exhibiting a model to certify joint consistency of hypotheses is standard,"Finite linear algebra, finite-difference identities on a torus chart, elementary asymptotics","Inhabits the committed Einstein-branch register surface for every declared repair law and horizon record, places the composed first-law clause on the horizon-thermality variation space, records which conclusions are definitional at the value, and proves the horizon split load-bearing; no physical attachment is claimed",typed_premise_bundle_inhabitant_with_variation_space_join,EinsteinBranchInhabitant Lean module,"The value fails to typecheck against the register, a nonvacuity clause fails, or the modular-generator clause holds without the split"
OPH-EM-SCALED-MAXWELL-STABILITY-ACTION,"Variational (symplectic) integrators for Maxwell-type systems, the leapfrog/Courant stability condition, and spectral bounds of cellular Laplacians",That the leapfrog scheme is the discrete Euler-Lagrange equation of a staggered action and is stable exactly when h^2 lambda_max < 4 is standard numerical analysis,"Finite cellular Laplacian linear algebra, discrete summation by parts, finite spectral projector algebra","Relocates the declared PR-66 temporal law to a declared kinetic term on the committed local face action, proves both Euler-Lagrange equivalences on the committed carrier, proves conservation, nonnegativity, and uniform bounds of the staggered form, and pins the sharp committed-carrier constant 3+sqrt(5) in both directions with kernel-checked rational projectors and explicit unstable modes",exact_discrete_maxwell_action_with_sharp_leapfrog_threshold_on_the_committed_carrier,ScaledMaxwellStability Lean module,"An Euler-Lagrange equivalence, balance identity, lower bound, uniform bound, eigenvector identity, projector identity, or unstable-mode construction fails"
OPH-GEOMETRY-COMMON-WORLD-INSTRUMENT-JOIN,Typed multi-sorted structures and their extensions; staggered integrators with time-step calibration; instrument-channel compatibility with projective measurements,Extending a record type by fields and proving the old receipts transfer is standard; the Lueders channel of a projective partition being its pinching is textbook,"Finite real and complex matrix algebra, Lorentz quadratic-form algebra, complex exponential periodicity","Joins the certified scaled evolution, the declared Lueders instrument, a declared step-to-clock dictionary, and the run-state first law onto the committed bridged common-world record through typed identifications (shared seam data, the pinching identity, the clock worldline, the reference equality), records the false identification of the record partition with the instrument pair as obstruction theorems, and proves the declared dictionaries non-forced",typed_joins_with_obstruction_record_on_common_world_witness,CommonWorldInstrumentJoin Lean module,"A join identity, obstruction theorem, load-bearing counterexample, or the extended inhabitant fails"
OPH-QFT-COLIMIT-NORMED-COMPLETION,"Inductive limits of C*-algebras over directed systems with contractive star homomorphisms, and their completions (Takeda, Bratteli)",That a directed system of finite-dimensional C*-algebras with star homomorphisms has an inductive-limit C*-seminorm whose completion is a C*-algebra is textbook,"Finite-dimensional complex matrix C*-algebra, spectral radius of selfadjoint elements, uniform completion of normed rings","Constructs the inductive-limit seminorm on the committed consensus-tower colimit with the kernel proved equal to the committed refinement-null kernel through finiteness of stage values, assembles the completion with the star and noncommutative normed-algebra structures scoped in-module, transports the four committed regional statements to closures with instantiations on the committed witness net, and delimits the construction by the collapsing-kernel and non-star-homomorphism controls",inductive_limit_C_star_seminorm_kernel_and_completion_on_committed_colimit,ColimitNormedCompletion Lean module,"A seminorm law, the kernel identification, a completion law, a transported regional statement, a witness instantiation, or a control theorem fails"
