{
  "U_d_left": {
    "imag": [
      [
        0.0,
        0.0,
        -0.0
      ],
      [
        -0.18259259886325177,
        -0.07786169207667266,
        0.12147433650229304
      ],
      [
        0.30211405852078144,
        0.595531507073193,
        0.21604336649457684
      ]
    ],
    "real": [
      [
        -0.6151340670052813,
        0.5253353185526896,
        -0.587905504899117
      ],
      [
        0.670683298587189,
        -0.002841741840964903,
        -0.7042849727334562
      ],
      [
        -0.2172119496947945,
        -0.6027391712627792,
        -0.31131823566274897
      ]
    ]
  },
  "U_u_left": {
    "imag": [
      [
        0.0,
        0.0,
        0.0
      ],
      [
        0.5943222183951002,
        -0.030355343221475362,
        -0.5469583800351654
      ],
      [
        -0.3774664478446005,
        0.8569350990041015,
        -0.3304466204153959
      ]
    ],
    "real": [
      [
        0.5987409642925896,
        0.5038300507602868,
        0.6226271256770515
      ],
      [
        -0.3740705321155472,
        -0.10283702538838436,
        0.44293562464674374
      ],
      [
        -0.07668556679244112,
        -0.017905736312493654,
        0.08823296637472335
      ]
    ]
  },
  "V_CKM": {
    "imag": [
      [
        -0.4354574861340693,
        -0.24236781021445777,
        0.23905264110723484
      ],
      [
        0.21986307039496888,
        0.5137657240242273,
        0.22904023604694973
      ],
      [
        0.24083854855483477,
        -0.18266964242693026,
        -0.41522116840925105
      ]
    ],
    "real": [
      [
        -0.8250885602877378,
        0.09075608594860524,
        -0.07403146403319215
      ],
      [
        -0.11056996205563907,
        0.7884598145168824,
        -0.036755758037796654
      ],
      [
        -0.10505690243680325,
        0.11844357678075898,
        -0.8432995570615692
      ]
    ]
  },
  "Y_d": {
    "imag": [
      [
        0.0,
        0.007231186663580403,
        -0.001133216261322611
      ],
      [
        -0.02323850322839488,
        0.0,
        0.015088481667959184
      ],
      [
        0.007727585084843481,
        -0.03201680254108064,
        0.0
      ]
    ],
    "real": [
      [
        0.9231656602589083,
        0.03283256456364592,
        0.001185972444679012
      ],
      [
        0.10551237204973385,
        0.9231656602589081,
        0.023809467138375864
      ],
      [
        0.008087338037172615,
        0.05052218140652948,
        0.9231656602589082
      ]
    ]
  },
  "Y_u": {
    "imag": [
      [
        0.0,
        0.05834354863748776,
        -0.004140804802864551
      ],
      [
        -0.018154916720189165,
        0.0,
        0.02134587571569134
      ],
      [
        0.000607230756575218,
        -0.010059619601597888,
        0.0
      ]
    ],
    "real": [
      [
        0.9231656602589083,
        0.041372248553876306,
        0.009576679652906435
      ],
      [
        0.012873912275880606,
        0.9231656602589081,
        0.030808273029208716
      ],
      [
        0.0014043778221784224,
        0.014518940866323228,
        0.9231656602589084
      ]
    ]
  },
  "artifact": "oph_flavor_blind_forward",
  "certification_status": "placeholder_unpromotable",
  "commutator_invariant": {
    "det_abs": 3.9956731459007727e-07,
    "det_imag": -3.9956731459007727e-07,
    "fro_norm": 0.022284257177562185
  },
  "generated_utc": "2026-03-26T05:27:47Z",
  "jarlskog": -0.013230242545801336,
  "metadata": {
    "note": "This artifact stays a sandbox placeholder until the quark descent law closes. The exact reduced even family is already fixed on the current spectrum class, but the canonical gap-pair map is still missing; factorized-only mode is allowed, and dense entrywise amplitudes are not promotable in certified quark mode.",
    "shared_charged_seed_kind": "averaged_u_d_candidate"
  },
  "promotion_blockers": [
    "quark_even_excitation_evaluator_missing"
  ],
  "singular_values_d": [
    0.8402238205029883,
    0.9236052947458944,
    1.0074645336912604
  ],
  "singular_values_u": [
    0.867759294524785,
    0.9254060055662021,
    0.9771187253652672
  ],
  "source_mode": "factorized_descent",
  "template_amplitude_fallback_used": false,
  "up_down_sector_distinct": true
}
