{
  "E_d_log": [
    -1.5817974645909918,
    -0.1413050708180164,
    1.7231025354090082
  ],
  "E_u_log": [
    -2.914764357228376,
    0.23902871445675228,
    2.6757356427716235
  ],
  "artifact": "oph_quark_even_profile_rays",
  "d_profile_ray": [
    -0.4786218840482289,
    -0.042756231903542136,
    0.5213781159517711
  ],
  "eta_ud_candidate": 1.1427999999999998,
  "gap_pair_d": {
    "gamma21_log_per_side": 1.4404923937729754,
    "gamma32_log_per_side": 1.8644076062270245
  },
  "gap_pair_u": {
    "gamma21_log_per_side": 3.1537930716851283,
    "gamma32_log_per_side": 2.4367069283148712
  },
  "leading_singular_values_d": [
    0.03902544110409301,
    0.6958948400239955,
    28.96993275172712
  ],
  "leading_singular_values_u": [
    0.002713610359359199,
    1.4890090752814438,
    194.71261557042317
  ],
  "rho_ord": 1.2942849363777058,
  "shared_norm_value": 0.9231656602589083,
  "sigma_d_total_log_per_side": 3.3049,
  "sigma_seed_ud_candidate": 4.447699999999999,
  "sigma_u_total_log_per_side": 5.5905,
  "u_profile_ray": [
    -0.5213781159517711,
    0.042756231903542136,
    0.4786218840482289
  ]
}
