{
  "artifact": "oph_quark_public_exact_yukawa_end_to_end_theorem",
  "claim_tier": "inconsistent_exact_support_surfaces",
  "descended_physical_sigma_datum": {
    "eta_ud": 1.139688878603012,
    "sigma_d": 3.300314452061615,
    "sigma_seed_ud": 4.440003330664627,
    "sigma_u": 5.579692209267639
  },
  "display_allowed_as_selected_class_exact_witness": false,
  "downstream_algebra_closed": true,
  "generated_utc": "2026-07-12T02:31:12Z",
  "lemma_chain": [
    "oph_quark_public_physical_sigma_datum_descent",
    "oph_quark_absolute_readout_algebraic_collapse",
    "oph_quark_exact_pdg_end_to_end_theorem",
    "oph_quark_exact_yukawa_end_to_end_theorem"
  ],
  "mass_yukawa_consistency": {
    "absolute_tolerance_gev": 1e-08,
    "comparisons": {
      "b": {
        "absolute_residual_gev": 0.003000000000007219,
        "consistent_within_tolerance": false,
        "declared_mass_gev": 4.182999999999994,
        "forward_yukawa_singular_value": 4.186000000000001,
        "relative_residual": 0.0007166746297198324
      },
      "c": {
        "absolute_residual_gev": 9.999999736698406e-05,
        "consistent_within_tolerance": false,
        "declared_mass_gev": 1.2729999999999992,
        "forward_yukawa_singular_value": 1.2729000000026323,
        "relative_residual": 7.85545933754785e-05
      },
      "d": {
        "absolute_residual_gev": 3.5360776806658833e-13,
        "consistent_within_tolerance": true,
        "declared_mass_gev": 0.004699999999999999,
        "forward_yukawa_singular_value": 0.0046999999996463915,
        "relative_residual": 7.523569533331667e-11
      },
      "s": {
        "absolute_residual_gev": 0.0006000000000149913,
        "consistent_within_tolerance": false,
        "declared_mass_gev": 0.09349999999999999,
        "forward_yukawa_singular_value": 0.092899999999985,
        "relative_residual": 0.006417112299625577
      },
      "t": {
        "absolute_residual_gev": 0.25235532883147016,
        "consistent_within_tolerance": false,
        "declared_mass_gev": 172.35235532883115,
        "forward_yukawa_singular_value": 172.09999999999968,
        "relative_residual": 0.0014641826527406678
      },
      "u": {
        "absolute_residual_gev": 2.720956658770757e-10,
        "consistent_within_tolerance": true,
        "declared_mass_gev": 0.0021600000000000005,
        "forward_yukawa_singular_value": 0.0021600002720956663,
        "relative_residual": 1.2597019981533808e-07
      }
    },
    "consistent": false,
    "malformed_inputs": [],
    "relative_tolerance": 1e-06,
    "single_exact_sextet_matrix_pair_claim_allowed": false,
    "status": "mismatched_mass_sextet_and_forward_yukawa_singular_values"
  },
  "minimal_exact_blocker_set": [
    "QUARK_SIGMA_SOURCE_QUOTIENT",
    "QUARK_SIGMA_SOURCE_SELECTOR",
    "QUARK_EDGE_STATISTICS_CORRECTION_THEOREM",
    "QUARK_SIGMA_REFINEMENT_COMPATIBILITY",
    "NO_TARGET_LEAK_DAG_QUARK_SIGMA_SOURCE",
    "QUARK_EXACT_MASS_YUKAWA_SURFACE_CONSISTENCY"
  ],
  "non_circularity_status": {
    "exact_mass_yukawa_pair_consistent": false,
    "missing_source_object": "quark_sigma_source_datum_no_target_leak_required",
    "promotion_allowed": false,
    "public_sigma_promotion_allowed": false,
    "public_sigma_proof_status": "blocked_target_derived_sigma_datum_descent",
    "source_sigma_selector_closed": false,
    "strict_audit_label": "inconsistent_exact_support_surfaces",
    "target_derived_sigma_datum_used": true
  },
  "notes": [
    "The mass and matrix artifacts are retained for separate audit only; they may not be described as one exact sextet/Yukawa witness while their spectra disagree.",
    "The matrices Y_u and Y_d are the numerical matrices emitted on the local chain; the consistency block records whether their singular values match the separately declared sextet."
  ],
  "proof_status": "blocked_inconsistent_exact_mass_yukawa_surfaces",
  "public_exact_outputs": {
    "exact_running_values_gev": {
      "b": 4.182999999999994,
      "c": 1.2729999999999992,
      "d": 0.004699999999999999,
      "s": 0.09349999999999999,
      "t": 172.35235532883115,
      "u": 0.0021600000000000005
    },
    "forward_yukawa_artifact": {
      "V_CKM": {
        "imag": [
          [
            -0.021075106800842403,
            0.035136732330377674,
            0.002916513311339238
          ],
          [
            0.032277535487174464,
            -0.05158633104838717,
            0.014626401431609003
          ],
          [
            -0.002634430293620151,
            -0.011760738521601786,
            -0.13810628753754062
          ]
        ],
        "real": [
          [
            -0.998361519914638,
            0.039691856758815036,
            0.003402341157649799
          ],
          [
            -0.04218609650775973,
            -0.9966389212067968,
            -0.031847661298627934
          ],
          [
            0.0012919630054263123,
            -0.03318678595956735,
            0.9897870307385931
          ]
        ]
      },
      "Y_d": {
        "imag": [
          [
            -8.469032392492673e-05,
            -0.04440675886130187,
            0.030638547166218867
          ],
          [
            -0.001988344011406569,
            0.003174422452535938,
            0.047946347796803894
          ],
          [
            -0.0009676819844115424,
            0.004765538608923967,
            -0.05951409500186088
          ]
        ],
        "real": [
          [
            0.0040119161110299196,
            -0.01832633436859652,
            0.25064287861954887
          ],
          [
            0.001015080721988674,
            0.06995746075648739,
            -1.8999703268431203
          ],
          [
            0.000258935251149727,
            0.037359892992469855,
            3.720632661815669
          ]
        ]
      },
      "Y_u": {
        "imag": [
          [
            0.0,
            -0.6594562875959272,
            -0.22165102531402214
          ],
          [
            -0.0009919417678881874,
            6.814093513411386e-17,
            6.518577537276479
          ],
          [
            -0.0004959708839440939,
            0.09668717344377681,
            -2.6825541976683198e-16
          ]
        ],
        "real": [
          [
            0.0017972723209952284,
            -0.23304097035418697,
            13.037155074552947
          ],
          [
            0.0004384586490648617,
            0.9332442841370654,
            -78.66623249794564
          ],
          [
            0.00011502446975846438,
            0.5007897937293924,
            152.37298142995888
          ]
        ]
      },
      "artifact": "oph_quark_current_family_transport_frame_exact_forward_yukawas",
      "certification_status": "forward_matrix_certified",
      "forward_certified": true,
      "jarlskog": -3.735348679490123e-06,
      "scope": "current_family_common_refinement_transport_frame_only",
      "singular_values_d": [
        0.0046999999996463915,
        0.092899999999985,
        4.186000000000001
      ],
      "singular_values_u": [
        0.0021600002720956663,
        1.2729000000026323,
        172.09999999999968
      ]
    },
    "pair_status": "mismatched_mass_sextet_and_forward_yukawa_singular_values",
    "single_exact_pair_claim_allowed": false
  },
  "public_promotion_allowed": false,
  "selected_public_physical_frame_class": {
    "representative": {
      "imag": [
        [
          -1.3877787807814457e-17,
          0.05009425914198984,
          0.00330779312957997
        ],
        [
          0.05017324446641114,
          2.7755575615628914e-17,
          -0.03502914355626323
        ],
        [
          0.002639713781749561,
          -0.03518891333641638,
          0.0
        ]
      ],